match_id,date,home_team,away_team,home_ht_score,away_ht_score,home_ft_score,away_ft_score,home_goals_mins,away_goals_mins,home_possession,away_possession,home_shots_on_target,away_shots_on_target,home_shots,away_shots,home_touches,away_touches,home_passes,away_passes,home_tackles,away_tackles,home_clearances,away_clearances,home_corners,away_corners,home_offsides,away_offsides,home_yellow_cards,away_yellow_cards,home_red_cards,away_red_cards,home_fouls_conceded,away_fouls_conceded
46605,2019-08-09,Liverpool,Norwich City,4,0,4,1,"[7, 19, 28, 42]",[64],57.9,42.1,7,5,15,12,662,577,477,363,21,12,5,35,11,2,0,5,0,2,0,0,9,9
46606,2019-08-10,AFC Bournemouth,Sheffield United,0,0,1,1,[62],[88],52.9,47.1,3,3,13,8,671,615,485,428,18,14,13,16,3,4,1,1,2,1,0,0,10,19
46607,2019-08-10,Burnley,Southampton,0,0,3,0,"[63, 70, 75]",[],46.5,53.5,4,3,10,11,549,579,332,393,21,7,13,18,2,7,5,1,0,0,0,0,6,12
46608,2019-08-10,Crystal Palace,Everton,0,0,0,0,[],[],35.4,64.6,2,3,6,10,467,722,268,500,21,14,21,18,6,2,4,0,2,1,0,1,16,14
46610,2019-08-10,Tottenham Hotspur,Aston Villa,0,1,3,1,"[73, 86, 90]",[9],70.1,29.9,7,4,31,7,792,461,587,256,17,29,6,39,14,0,1,0,1,0,0,0,13,9
46611,2019-08-10,Watford,Brighton and Hove Albion,0,1,0,3,[],"[28, 65, 77]",48.2,51.8,3,3,11,5,602,637,414,442,12,24,10,24,5,2,0,3,0,1,0,0,15,11
46612,2019-08-10,West Ham United,Manchester City,0,1,0,5,[],"[25, 51, 75, 90, 86]",42.9,57.1,3,9,5,14,571,722,403,547,18,18,9,13,1,1,2,4,2,2,0,0,6,13
46609,2019-08-11,Leicester City,Wolverhampton Wanderers,0,0,0,0,[],[],70,30,1,2,16,8,871,508,665,291,20,19,12,33,12,3,0,1,0,2,0,0,3,13
46613,2019-08-11,Manchester United,Chelsea,1,0,4,0,"[18, 67, 65, 81]",[],46.2,53.8,5,7,11,18,649,730,449,523,16,21,19,11,3,5,2,0,3,4,0,0,15,13
46614,2019-08-11,Newcastle United,Arsenal,0,0,0,1,[],[58],38.1,61.9,2,2,9,8,577,819,378,616,26,11,17,22,5,3,1,3,1,3,0,0,12,7
46615,2019-08-17,Arsenal,Burnley,1,1,2,1,"[13, 64]",[43],67.5,32.5,9,5,15,18,731,437,529,234,12,16,28,25,10,7,5,1,2,1,0,0,13,11
46616,2019-08-17,Aston Villa,AFC Bournemouth,0,2,1,2,[71],"[2, 12]",62.6,37.4,7,4,21,12,689,468,490,295,7,15,15,25,10,5,5,2,0,2,0,0,10,13
46617,2019-08-17,Brighton and Hove Albion,West Ham United,0,0,1,1,[65],[61],57.3,42.7,4,3,16,8,717,587,497,377,20,22,16,14,8,6,2,4,0,2,0,0,11,10
46619,2019-08-17,Everton,Watford,1,0,1,0,[10],[],44.1,55.9,2,2,12,8,536,611,303,388,20,34,35,13,4,7,3,1,2,3,0,0,11,11
46620,2019-08-17,Manchester City,Tottenham Hotspur,2,1,2,2,"[20, 35]","[23, 56]",55.4,44.6,10,2,30,3,806,701,610,506,15,17,10,23,13,2,3,1,1,0,0,0,14,4
46621,2019-08-17,Norwich City,Newcastle United,1,0,3,1,"[32, 63, 75]",[90],63.3,36.7,8,4,15,12,780,513,603,336,14,14,23,13,7,5,2,1,1,3,0,0,9,11
46623,2019-08-17,Southampton,Liverpool,0,1,1,2,[83],"[45, 71]",36.2,63.8,3,6,14,15,497,735,296,530,15,7,27,30,5,9,4,1,2,1,0,0,10,6
46618,2019-08-18,Chelsea,Leicester City,1,0,1,1,[7],[67],50.2,49.8,5,3,14,12,692,690,454,455,25,29,23,20,4,5,3,3,1,0,0,0,9,14
46622,2019-08-18,Sheffield United,Crystal Palace,0,0,1,0,[47],[],42.5,57.5,3,4,15,6,604,718,354,498,20,21,38,25,8,4,0,1,3,1,0,0,16,11
46624,2019-08-19,Wolverhampton Wanderers,Manchester United,0,1,1,1,[55],[27],34.4,65.6,2,2,6,9,520,845,350,668,17,23,14,15,4,6,1,1,2,2,0,0,17,8
46625,2019-08-23,Aston Villa,Everton,1,0,2,0,"[21, 90]",[],35.2,64.8,3,1,7,12,503,727,301,539,12,16,25,7,0,6,8,1,2,3,0,0,10,18
46627,2019-08-24,Brighton and Hove Albion,Southampton,0,0,0,2,[],"[55, 90]",50.7,49.3,3,4,12,12,596,580,394,395,16,19,10,22,8,5,1,0,1,3,1,0,9,10
46628,2019-08-24,Liverpool,Arsenal,1,0,3,1,"[41, 49, 58]",[85],52,48,5,3,25,9,747,738,553,516,25,16,11,27,6,4,1,4,1,1,0,0,8,5
46629,2019-08-24,Manchester United,Crystal Palace,0,1,1,2,[89],"[32, 90]",71.3,28.7,3,3,22,5,748,409,562,231,9,25,6,26,8,1,0,0,2,4,0,0,8,18
46630,2019-08-24,Norwich City,Chelsea,2,2,2,3,"[6, 30]","[3, 68, 17]",46.6,53.4,5,8,6,23,682,766,481,543,16,26,29,9,1,8,0,0,1,1,0,0,9,9
46631,2019-08-24,Sheffield United,Leicester City,0,1,1,2,[62],"[38, 70]",49.1,50.9,2,2,7,10,616,668,421,452,16,13,15,38,7,4,1,5,1,0,0,0,11,6
46633,2019-08-24,Watford,West Ham United,1,1,1,3,[17],"[3, 64, 73]",54.9,45.1,3,10,23,16,667,593,465,386,17,17,12,24,8,7,1,2,1,1,0,0,12,11
46626,2019-08-25,AFC Bournemouth,Manchester City,1,2,1,3,[45],"[15, 64, 43]",26.2,73.8,7,5,10,18,419,905,249,728,8,16,22,16,4,5,2,4,1,3,0,0,7,13
46632,2019-08-25,Tottenham Hotspur,Newcastle United,0,1,0,1,[],[27],80.2,19.8,2,3,17,8,942,391,763,190,10,15,5,54,6,6,1,4,2,2,0,0,10,5
46634,2019-08-25,Wolverhampton Wanderers,Burnley,0,1,1,1,[90],[13],65.1,34.9,2,4,17,13,772,479,586,306,9,12,29,27,4,3,1,1,0,2,0,0,9,11
46636,2019-08-31,Burnley,Liverpool,0,2,0,3,[],"[33, 37, 80]",36.2,63.8,2,7,7,15,495,739,318,568,14,11,21,19,6,4,5,1,0,0,0,0,10,16
46637,2019-08-31,Chelsea,Sheffield United,2,0,2,2,"[19, 43]","[46, 89]",62.3,37.7,5,2,13,8,898,595,719,429,16,15,15,24,3,4,2,0,0,1,0,0,6,11
46638,2019-08-31,Crystal Palace,Aston Villa,0,0,1,0,[73],[],52.8,47.2,5,2,22,10,614,591,407,379,18,19,21,30,13,2,2,0,2,4,0,1,15,16
46640,2019-08-31,Leicester City,AFC Bournemouth,2,1,3,1,"[12, 73, 41]",[15],55,45,6,2,15,8,751,647,541,432,22,14,25,18,4,5,2,1,1,3,0,0,9,11
46641,2019-08-31,Manchester City,Brighton and Hove Albion,2,0,4,0,"[2, 42, 55, 79]",[],53.5,46.5,6,2,15,6,755,678,598,523,15,18,19,14,8,1,1,3,1,1,0,0,10,6
46642,2019-08-31,Newcastle United,Watford,1,1,1,1,[41],[2],48.8,51.2,5,3,13,13,651,682,468,498,11,14,14,24,6,5,6,0,2,3,0,0,5,11
46643,2019-08-31,Southampton,Manchester United,0,1,1,1,[58],[10],41.4,58.6,2,8,10,21,598,771,375,537,25,19,25,16,2,3,0,1,1,2,1,0,17,7
46644,2019-08-31,West Ham United,Norwich City,1,0,2,0,"[24, 56]",[],48.6,51.4,8,3,18,8,662,710,474,500,29,14,9,15,8,2,2,3,2,1,0,0,16,10
46635,2019-09-01,Arsenal,Tottenham Hotspur,1,2,2,2,"[45, 71]","[10, 40]",54.8,45.2,8,9,26,13,673,569,453,388,23,13,11,24,11,6,3,1,3,5,0,0,13,19
46639,2019-09-01,Everton,Wolverhampton Wanderers,2,1,3,2,"[5, 80, 12]","[9, 75]",58.7,41.3,6,5,15,8,687,522,451,320,24,19,37,22,7,7,1,2,1,4,0,1,12,12
46647,2019-09-14,Brighton and Hove Albion,Burnley,0,0,1,1,[51],[90],62.5,37.5,5,1,14,7,693,500,491,284,21,17,20,24,3,6,2,2,0,2,0,0,13,7
46648,2019-09-14,Liverpool,Newcastle United,2,1,3,1,"[28, 40, 72]",[7],75.3,24.7,9,1,21,8,1023,470,847,282,13,20,8,33,10,1,2,8,0,0,0,0,5,4
46649,2019-09-14,Manchester United,Leicester City,1,0,1,0,[8],[],41.7,58.3,5,3,10,9,566,686,345,471,19,30,30,11,3,9,0,2,1,2,0,0,14,14
46650,2019-09-14,Norwich City,Manchester City,2,1,3,2,"[18, 28, 50]","[45, 88]",31.4,68.6,3,8,7,25,524,876,318,671,16,15,50,7,3,16,1,0,3,1,0,0,8,7
46651,2019-09-14,Sheffield United,Southampton,0,0,0,1,[],[66],48.2,51.8,4,7,17,11,647,692,414,467,21,18,24,28,12,6,3,1,1,1,1,0,10,7
46652,2019-09-14,Tottenham Hotspur,Crystal Palace,4,0,4,0,"[10, 23, 21, 42]",[],64.1,35.9,5,6,13,11,830,537,640,357,11,15,13,15,4,3,1,0,4,3,0,0,19,11
46654,2019-09-14,Wolverhampton Wanderers,Chelsea,0,3,2,5,"[69, 85]","[31, 34, 41, 55, 90]",45.3,54.7,4,6,11,15,648,781,449,555,17,20,12,28,7,5,1,1,1,2,0,0,8,11
46646,2019-09-15,AFC Bournemouth,Everton,1,1,3,1,"[23, 72, 67]",[44],40.5,59.5,6,5,13,14,547,684,336,488,18,18,37,10,7,7,4,0,0,4,0,0,5,14
46653,2019-09-15,Watford,Arsenal,0,2,2,2,"[53, 81]","[21, 32]",52.4,47.6,10,4,31,7,679,625,499,466,17,13,15,16,7,1,1,0,3,3,0,0,14,4
46645,2019-09-16,Aston Villa,West Ham United,0,0,0,0,[],[],46.6,53.4,5,1,10,13,604,678,408,470,19,21,14,15,2,4,3,3,2,1,0,1,13,12
46663,2019-09-20,Southampton,AFC Bournemouth,0,2,1,3,[53],"[10, 35, 90]",64.8,35.2,6,3,25,6,783,519,554,300,30,8,13,25,4,5,1,2,1,3,0,0,8,9
46656,2019-09-21,Burnley,Norwich City,2,0,2,0,"[10, 14]",[],41.4,58.6,6,2,13,11,550,714,357,528,14,19,15,19,7,3,2,0,0,1,0,0,11,10
46659,2019-09-21,Everton,Sheffield United,0,1,0,2,[],"[40, 79]",69.8,30.2,3,1,16,2,741,442,520,227,10,15,11,63,12,3,1,1,1,3,0,0,9,9
46660,2019-09-21,Leicester City,Tottenham Hotspur,0,1,2,1,"[69, 85]",[29],44.2,55.8,7,4,16,11,599,704,380,491,23,18,24,23,8,2,3,3,1,2,0,0,16,13
46661,2019-09-21,Manchester City,Watford,5,0,8,0,"[1, 7, 12, 15, 48, 60, 18, 85]",[],68.7,31.3,11,4,28,5,909,486,727,336,18,12,5,20,5,4,2,2,2,2,0,0,5,9
46662,2019-09-21,Newcastle United,Brighton and Hove Albion,0,0,0,0,[],[],28.7,71.3,4,3,11,16,467,922,280,718,18,14,22,14,5,3,0,3,2,1,0,0,12,8
46655,2019-09-22,Arsenal,Aston Villa,0,1,3,2,"[59, 81, 84]","[20, 60]",58.1,41.9,6,9,21,14,662,521,465,326,12,20,20,21,9,4,2,0,5,1,1,0,13,15
46657,2019-09-22,Chelsea,Liverpool,0,2,1,2,[71],"[14, 30]",55,45,2,3,13,6,713,608,492,415,15,11,10,37,6,4,7,1,3,3,0,0,8,13
46658,2019-09-22,Crystal Palace,Wolverhampton Wanderers,0,0,1,1,[46],[90],49.9,50.1,4,4,13,13,692,661,456,442,24,31,18,17,6,7,1,0,2,1,0,1,7,10
46664,2019-09-22,West Ham United,Manchester United,1,0,2,0,"[44, 84]",[],46.5,53.5,6,3,8,9,604,661,424,479,16,13,18,18,3,7,2,1,2,2,0,0,8,9
46665,2019-09-28,Aston Villa,Burnley,1,0,2,2,"[33, 79]","[68, 81]",60.2,39.8,3,3,16,10,610,438,416,281,14,13,13,16,7,3,2,0,1,4,0,0,10,16
46666,2019-09-28,AFC Bournemouth,West Ham United,1,1,2,2,"[17, 46]","[10, 74]",49.1,50.9,5,6,13,17,672,653,456,478,8,23,21,16,6,6,2,2,3,1,0,0,7,8
46667,2019-09-28,Chelsea,Brighton and Hove Albion,0,0,2,0,"[50, 76]",[],52.6,47.4,10,1,24,8,760,704,568,502,18,21,15,25,5,2,1,2,2,3,0,0,5,13
46668,2019-09-28,Crystal Palace,Norwich City,1,0,2,0,"[21, 90]",[],44.6,55.4,3,3,15,10,620,726,415,524,18,17,13,22,5,5,2,1,3,1,0,0,14,10
46669,2019-09-28,Everton,Manchester City,1,1,1,3,[33],"[24, 71, 84]",37.2,62.8,8,8,12,19,540,813,358,619,19,15,8,19,5,2,2,5,2,2,0,0,4,8
46672,2019-09-28,Sheffield United,Liverpool,0,0,0,1,[],[70],29.6,70.4,2,4,12,16,479,896,291,708,11,11,29,25,6,5,0,1,1,1,0,0,8,4
46673,2019-09-28,Tottenham Hotspur,Southampton,2,1,2,1,"[24, 43]",[39],41.4,58.6,4,6,9,14,579,717,369,518,23,24,28,12,6,6,1,1,0,2,1,0,5,16
46674,2019-09-28,Wolverhampton Wanderers,Watford,1,0,2,0,"[18, 61]",[],39.1,60.9,2,5,6,14,575,801,404,628,21,15,27,7,1,6,2,1,0,1,0,0,5,6
46670,2019-09-29,Leicester City,Newcastle United,1,0,5,0,"[16, 54, 64, 57, 90]",[],68.9,31.1,5,0,13,3,918,520,724,328,24,17,8,24,9,0,0,1,1,1,0,1,12,9
46671,2019-09-30,Manchester United,Arsenal,1,0,1,1,[45],[58],54.8,45.2,4,5,16,10,631,563,440,364,15,19,7,14,8,7,2,4,4,2,0,0,18,13
46676,2019-10-05,Brighton and Hove Albion,Tottenham Hotspur,2,0,3,0,"[3, 32, 65]",[],47.7,52.3,6,3,17,8,713,750,494,547,22,23,19,15,4,4,1,1,2,1,0,0,11,7
46677,2019-10-05,Burnley,Everton,0,0,1,0,[72],[],40.8,59.2,3,2,9,11,514,636,327,471,15,9,22,15,7,9,5,1,2,1,0,1,5,12
46678,2019-10-05,Liverpool,Leicester City,1,0,2,1,"[40, 90]",[80],50.7,49.3,8,1,18,2,733,681,494,478,19,16,25,27,4,6,3,2,1,4,0,0,9,17
46681,2019-10-05,Norwich City,Aston Villa,0,2,1,5,[87],"[14, 30, 49, 61, 83]",57.6,42.4,5,12,21,22,698,570,472,345,20,16,20,34,10,6,0,1,1,3,0,0,14,17
46683,2019-10-05,Watford,Sheffield United,0,0,0,0,[],[],39.5,60.5,2,3,8,9,542,760,360,554,17,15,34,27,7,7,2,3,0,2,0,0,7,6
46684,2019-10-05,West Ham United,Crystal Palace,0,0,1,2,[54],"[63, 87]",51.7,48.3,4,4,9,7,678,668,519,489,19,10,14,18,2,2,2,4,3,2,0,0,11,7
46675,2019-10-06,Arsenal,AFC Bournemouth,1,0,1,0,[9],[],52.5,47.5,2,2,12,10,653,643,443,403,23,14,17,31,14,5,0,0,1,2,0,0,12,6
46679,2019-10-06,Manchester City,Wolverhampton Wanderers,0,0,0,2,[],"[80, 90]",76,24,2,2,18,7,917,423,714,230,14,18,5,43,9,1,1,2,5,2,0,0,11,14
46680,2019-10-06,Newcastle United,Manchester United,0,0,1,0,[72],[],31.9,68.1,2,3,12,12,450,757,281,594,12,11,17,7,4,6,1,2,3,3,0,0,12,10
46682,2019-10-06,Southampton,Chelsea,1,3,1,4,[30],"[17, 24, 40, 89]",43.3,56.7,3,7,10,13,585,715,400,528,23,19,12,19,3,4,1,0,0,1,0,0,8,15
46685,2019-10-19,Aston Villa,Brighton and Hove Albion,1,1,2,1,"[45, 90]",[21],48.9,51.1,8,5,24,20,651,659,441,475,6,11,16,28,7,5,1,0,1,2,0,1,9,17
46686,2019-10-19,AFC Bournemouth,Norwich City,0,0,0,0,[],[],47.7,52.3,2,1,11,10,618,663,407,469,16,14,23,33,6,7,2,2,1,3,0,0,8,11
46687,2019-10-19,Chelsea,Newcastle United,0,0,1,0,[73],[],71.1,28.9,8,0,16,5,851,441,634,258,23,12,16,31,11,0,1,1,2,1,0,0,9,12
46688,2019-10-19,Crystal Palace,Manchester City,0,2,0,2,[],"[39, 41]",28.7,71.3,2,10,7,21,469,868,276,682,13,11,26,13,1,8,3,2,1,1,0,0,8,10
46689,2019-10-19,Everton,West Ham United,1,0,2,0,"[17, 90]",[],51.3,48.7,10,4,19,8,596,592,390,384,24,13,9,26,11,2,9,4,2,2,0,0,15,15
46690,2019-10-19,Leicester City,Burnley,1,1,2,1,"[45, 74]",[26],64.5,35.5,3,4,19,13,770,504,556,303,22,15,20,22,9,4,2,3,0,3,0,0,4,10
46693,2019-10-19,Tottenham Hotspur,Watford,0,1,1,1,[86],[6],69.4,30.6,2,2,12,7,908,503,686,313,11,20,6,52,11,2,5,1,4,3,0,0,5,9
46694,2019-10-19,Wolverhampton Wanderers,Southampton,0,0,1,1,[61],[53],57,43,1,5,4,14,688,559,511,385,11,9,10,19,1,3,1,2,3,2,0,0,10,17
46691,2019-10-20,Manchester United,Liverpool,1,0,1,1,[36],[85],32,68,2,4,7,10,509,842,299,652,10,18,29,17,3,1,4,1,0,1,0,0,6,14
46692,2019-10-21,Sheffield United,Arsenal,1,0,1,0,[30],[],31.4,68.6,2,3,8,9,492,835,287,633,21,17,25,12,7,12,1,1,4,4,0,0,10,12
46702,2019-10-25,Southampton,Leicester City,0,5,0,9,[],"[10, 17, 19, 39, 57, 45, 58, 90, 85]",27.4,72.6,3,15,6,25,483,925,272,709,20,26,18,8,2,7,1,0,0,0,1,0,3,12
46696,2019-10-26,Brighton and Hove Albion,Everton,1,1,3,2,"[15, 80, 90]","[20, 74]",55.5,44.5,4,6,8,10,720,613,533,425,18,17,8,14,0,5,3,2,2,1,0,0,12,12
46697,2019-10-26,Burnley,Chelsea,0,2,2,4,"[86, 89]","[21, 45, 56, 58]",36.7,63.3,5,7,13,16,577,882,390,691,16,13,16,20,5,6,1,0,3,2,0,0,7,8
46699,2019-10-26,Manchester City,Aston Villa,0,0,3,0,"[46, 65, 70]",[],63.1,36.9,10,5,26,11,794,537,597,341,13,10,18,27,13,7,1,2,1,1,1,0,10,5
46703,2019-10-26,Watford,AFC Bournemouth,0,0,0,0,[],[],40.2,59.8,3,5,7,15,545,713,337,501,20,16,23,21,5,10,5,3,5,3,0,0,14,8
46704,2019-10-26,West Ham United,Sheffield United,1,0,1,1,[44],[69],60.8,39.2,4,4,12,10,724,551,545,357,12,11,8,27,10,4,4,4,2,2,0,0,7,10
46695,2019-10-27,Arsenal,Crystal Palace,2,1,2,2,"[7, 9]","[32, 52]",56.2,43.8,6,4,15,10,639,554,444,345,21,14,18,26,12,5,1,1,2,0,0,0,18,9
46698,2019-10-27,Liverpool,Tottenham Hotspur,0,1,2,1,"[52, 75]",[1],68,32,13,4,21,11,836,523,631,298,20,16,8,35,8,3,0,4,3,3,0,0,9,11
46700,2019-10-27,Newcastle United,Wolverhampton Wanderers,1,0,1,1,[37],[73],43.1,56.9,2,5,13,13,595,720,405,533,13,18,28,17,3,6,1,1,2,2,1,0,8,16
46701,2019-10-27,Norwich City,Manchester United,0,2,1,3,[88],"[21, 30, 73]",46.1,53.9,3,11,10,21,619,692,417,480,26,24,16,13,1,10,1,0,2,2,0,0,13,10
46705,2019-11-02,Arsenal,Wolverhampton Wanderers,1,0,1,1,[21],[76],57.5,42.5,4,8,10,24,766,613,539,397,16,22,20,21,8,9,2,2,0,2,0,0,6,15
46706,2019-11-02,Aston Villa,Liverpool,1,0,1,2,[21],"[87, 90]",26.3,73.7,2,6,4,25,447,860,226,634,20,17,47,21,2,10,3,2,1,2,0,0,12,9
46707,2019-11-02,AFC Bournemouth,Manchester United,1,0,1,0,[45],[],42.6,57.4,6,4,13,15,581,700,366,488,13,18,33,11,4,10,1,4,4,3,0,0,14,12
46708,2019-11-02,Brighton and Hove Albion,Norwich City,0,0,2,0,"[68, 84]",[],58.5,41.5,5,0,21,7,733,572,538,391,19,13,5,19,8,3,3,1,0,1,0,0,11,8
46711,2019-11-02,Manchester City,Southampton,0,1,2,1,"[70, 86]",[13],75.3,24.7,4,3,26,3,885,461,639,225,9,20,5,76,17,0,3,0,3,1,0,0,11,10
46712,2019-11-02,Sheffield United,Burnley,3,0,3,0,"[17, 43, 44]",[],45.6,54.4,6,0,13,6,563,627,384,460,17,5,23,17,7,6,1,0,1,2,0,0,8,12
46713,2019-11-02,Watford,Chelsea,0,1,1,2,[80],"[5, 55]",32.8,67.2,3,10,12,16,555,991,373,793,16,16,20,17,1,6,0,0,4,2,0,0,8,5
46714,2019-11-02,West Ham United,Newcastle United,0,2,2,3,"[73, 90]","[16, 22, 51]",69.5,30.5,6,9,16,12,788,454,583,262,13,18,12,40,7,3,1,4,2,1,0,0,10,7
46709,2019-11-03,Crystal Palace,Leicester City,0,0,0,2,[],"[57, 88]",44.2,55.8,3,5,12,14,548,634,334,431,19,22,12,24,5,6,2,1,2,2,0,0,15,16
46710,2019-11-03,Everton,Tottenham Hotspur,0,0,1,1,[90],[63],47.3,52.7,3,2,7,5,567,651,375,443,26,15,8,24,5,2,1,2,1,2,0,1,9,8
46721,2019-11-08,Norwich City,Watford,0,1,0,2,[],"[2, 52]",65.8,34.2,5,2,17,12,832,522,597,315,18,25,9,36,10,4,1,0,1,2,0,1,7,13
46715,2019-11-09,Burnley,West Ham United,2,0,3,0,"[11, 44, 54]",[],40,60,12,4,14,7,496,633,299,459,7,14,21,21,11,4,7,1,2,1,0,0,17,10
46716,2019-11-09,Chelsea,Crystal Palace,0,0,2,0,"[52, 79]",[],60.6,39.4,5,1,23,3,774,559,572,377,19,19,9,21,7,0,0,0,3,2,0,0,9,17
46717,2019-11-09,Leicester City,Arsenal,0,0,2,0,"[68, 75]",[],50.2,49.8,7,1,19,8,690,673,486,478,19,18,19,15,5,4,1,2,1,1,0,0,10,10
46720,2019-11-09,Newcastle United,AFC Bournemouth,1,1,2,1,"[42, 52]",[14],33.9,66.1,9,4,21,16,485,778,279,559,18,14,31,24,5,4,4,1,2,0,0,0,10,5
46722,2019-11-09,Southampton,Everton,0,1,1,2,[50],"[4, 75]",47.3,52.7,3,5,4,24,547,596,345,377,12,23,24,20,5,9,2,0,1,1,0,0,12,12
46723,2019-11-09,Tottenham Hotspur,Sheffield United,0,0,1,1,[58],[78],61.1,38.9,5,4,17,14,806,591,602,378,19,27,19,23,4,4,1,6,2,2,0,0,6,9
46718,2019-11-10,Liverpool,Manchester City,2,0,3,1,"[6, 13, 51]",[78],45,55,5,3,12,18,609,717,416,507,13,15,27,24,4,13,3,5,0,2,0,0,10,5
46719,2019-11-10,Manchester United,Brighton and Hove Albion,2,0,3,1,"[17, 19, 66]",[64],42.7,57.3,11,2,21,6,577,707,358,483,24,28,11,14,5,2,0,4,2,5,0,0,10,14
46724,2019-11-10,Wolverhampton Wanderers,Aston Villa,1,0,2,1,"[41, 84]",[90],50.1,49.9,5,4,17,13,594,589,385,375,14,20,28,15,6,3,0,1,4,3,0,0,17,8
46725,2019-11-23,Arsenal,Southampton,1,1,2,2,"[18, 90]","[8, 71]",61,39,5,6,12,21,729,540,487,316,25,18,17,21,6,8,2,1,6,2,0,0,13,19
46727,2019-11-23,AFC Bournemouth,Wolverhampton Wanderers,0,2,1,2,[59],"[21, 31]",46.6,53.4,2,8,9,18,608,689,443,509,9,11,18,27,5,9,0,4,2,1,1,0,10,12
46728,2019-11-23,Brighton and Hove Albion,Leicester City,0,0,0,2,[],"[64, 82]",52.6,47.4,0,9,7,19,650,594,458,418,11,17,11,22,6,7,2,1,2,0,0,0,9,1
46729,2019-11-23,Crystal Palace,Liverpool,0,0,1,2,[82],"[49, 85]",40,60,6,4,16,12,544,703,330,510,14,24,31,29,9,8,3,0,0,1,0,0,8,7
46730,2019-11-23,Everton,Norwich City,0,0,0,2,[],"[54, 90]",57.3,42.7,7,5,18,13,621,538,401,307,20,18,14,35,7,7,0,0,3,5,0,0,12,11
46731,2019-11-23,Manchester City,Chelsea,2,1,2,1,"[29, 37]",[21],46.7,53.3,4,2,15,11,728,821,558,644,15,15,12,23,8,2,3,4,1,1,0,0,5,9
46733,2019-11-23,Watford,Burnley,0,0,0,3,[],"[53, 82, 88]",61.9,38.1,4,5,15,11,582,422,396,248,11,6,23,29,7,5,2,2,1,3,0,0,14,13
46734,2019-11-23,West Ham United,Tottenham Hotspur,0,2,2,3,"[73, 90]","[36, 43, 49]",47.1,52.9,4,6,11,15,612,655,407,471,18,19,13,15,3,7,4,6,3,2,0,0,12,14
46732,2019-11-24,Sheffield United,Manchester United,1,0,3,3,"[19, 52, 90]","[72, 77, 79]",40.6,59.4,8,5,12,11,580,789,383,587,13,10,21,21,6,3,3,1,1,2,0,0,13,10
46726,2019-11-25,Aston Villa,Newcastle United,2,0,2,0,"[32, 36]",[],62,38,8,5,17,11,687,505,490,296,15,15,19,27,11,6,1,2,1,1,0,0,10,9
46735,2019-11-30,Burnley,Crystal Palace,0,1,0,2,[],"[45, 78]",43.5,56.5,4,2,15,7,553,685,347,464,20,15,16,31,5,6,1,1,2,0,0,0,13,9
46736,2019-11-30,Chelsea,West Ham United,0,0,0,1,[],[48],65.7,34.3,6,4,19,5,920,545,671,354,7,26,9,30,9,3,3,0,0,3,0,0,0,16
46738,2019-11-30,Liverpool,Brighton and Hove Albion,2,0,2,1,"[18, 24]",[79],44.8,55.2,7,5,15,12,654,790,482,592,11,11,16,20,4,5,1,6,0,0,1,0,3,10
46740,2019-11-30,Newcastle United,Manchester City,1,1,2,2,"[25, 88]","[22, 82]",23.6,76.4,3,9,6,24,453,958,238,760,18,12,40,10,1,10,3,3,1,2,0,0,4,6
46742,2019-11-30,Southampton,Watford,0,1,2,1,"[78, 83]",[24],62.8,37.2,6,3,11,6,784,519,548,315,17,18,19,32,6,7,2,4,1,0,0,0,6,10
46743,2019-11-30,Tottenham Hotspur,AFC Bournemouth,1,0,3,2,"[21, 50, 69]","[73, 90]",52.6,47.4,5,6,14,20,714,649,515,455,19,8,29,19,4,8,1,0,0,2,0,0,10,12
46737,2019-12-01,Leicester City,Everton,0,1,2,1,"[68, 90]",[23],69.3,30.7,6,3,16,11,853,503,652,275,19,20,9,32,4,4,1,3,0,1,0,0,7,9
46739,2019-12-01,Manchester United,Aston Villa,1,1,2,2,"[42, 64]","[11, 66]",62.3,37.7,6,3,16,9,714,503,525,309,6,22,15,18,9,9,1,4,4,1,0,0,16,8
46741,2019-12-01,Norwich City,Arsenal,2,1,2,2,"[21, 45]","[29, 57]",39.9,60.1,8,7,15,16,573,742,364,541,12,16,35,14,7,12,1,0,2,1,0,0,8,10
46744,2019-12-01,Wolverhampton Wanderers,Sheffield United,0,1,1,1,[64],[2],59.4,40.6,3,4,13,10,718,583,517,361,17,19,13,37,7,2,1,3,1,5,0,0,12,18
46746,2019-12-03,Burnley,Manchester City,0,1,1,4,[89],"[24, 50, 68, 87]",24.5,75.5,2,8,4,17,422,947,250,774,14,8,24,18,3,6,0,2,1,1,0,0,9,6
46752,2019-12-03,Crystal Palace,AFC Bournemouth,0,0,1,0,[76],[],30.8,69.2,2,3,7,6,465,769,258,575,16,26,30,18,6,9,1,0,3,3,1,0,6,15
46747,2019-12-04,Leicester City,Watford,0,0,2,0,"[55, 90]",[],63,37,6,1,12,4,762,526,569,324,11,17,27,30,7,2,3,1,3,2,0,0,13,16
46748,2019-12-04,Manchester United,Tottenham Hotspur,1,1,2,1,"[6, 49]",[39],46.6,53.4,7,5,12,8,638,712,441,497,20,18,15,19,4,3,1,1,0,1,0,0,9,9
46750,2019-12-04,Wolverhampton Wanderers,West Ham United,1,0,2,0,"[23, 86]",[],49.4,50.6,7,3,13,6,680,676,479,496,12,23,17,17,5,4,3,3,1,2,0,0,8,9
46751,2019-12-04,Chelsea,Aston Villa,1,1,2,1,"[24, 48]",[41],64.5,35.5,9,3,25,9,869,597,649,349,13,22,15,30,9,5,0,1,2,1,0,0,18,10
46753,2019-12-04,Liverpool,Everton,4,2,5,2,"[6, 31, 17, 45, 90]","[21, 45]",58.5,41.5,5,4,11,12,704,542,501,339,15,19,25,15,5,6,3,3,1,2,0,0,13,17
46754,2019-12-04,Southampton,Norwich City,2,0,2,1,"[22, 43]",[65],40.1,59.9,5,3,14,10,582,795,366,562,27,12,15,30,6,1,3,1,1,1,0,0,12,7
46745,2019-12-05,Arsenal,Brighton and Hove Albion,0,1,1,2,[50],"[36, 80]",49.2,50.8,5,9,12,20,606,596,389,413,19,11,13,24,9,9,7,0,3,1,0,0,10,11
46749,2019-12-05,Sheffield United,Newcastle United,0,1,0,2,[],"[15, 70]",73.3,26.7,6,4,13,6,881,449,675,253,18,14,13,41,8,1,3,2,2,0,0,0,10,6
46756,2019-12-07,AFC Bournemouth,Liverpool,0,2,0,3,[],"[35, 44, 54]",26.2,73.8,0,9,3,21,467,1017,305,852,12,10,35,5,1,3,5,1,0,1,0,0,5,6
46758,2019-12-07,Everton,Chelsea,1,0,3,1,"[5, 49, 84]",[52],30,70,7,4,13,15,470,843,255,594,36,14,25,23,1,5,2,3,3,0,0,0,14,9
46759,2019-12-07,Manchester City,Manchester United,0,2,1,2,[85],"[23, 29]",71.9,28.1,5,7,22,11,885,475,658,265,14,19,9,39,16,3,1,0,3,2,0,0,10,10
46762,2019-12-07,Tottenham Hotspur,Burnley,3,0,5,0,"[5, 54, 9, 32, 74]",[],49,51,7,1,13,7,661,671,476,479,19,15,23,10,1,1,1,2,1,1,0,0,12,8
46763,2019-12-07,Watford,Crystal Palace,0,0,0,0,[],[],50.2,49.8,3,0,13,3,580,591,384,391,14,14,15,26,6,2,1,1,4,2,0,0,15,16
46755,2019-12-08,Aston Villa,Leicester City,1,2,1,4,[45],"[20, 75, 41, 49]",40.4,59.6,2,8,15,23,518,693,306,478,14,17,22,30,8,5,0,1,6,2,0,0,21,15
46757,2019-12-08,Brighton and Hove Albion,Wolverhampton Wanderers,2,2,2,2,"[34, 36]","[28, 44]",62,38,5,6,13,13,743,521,581,356,13,9,11,11,3,4,1,3,3,0,0,0,10,7
46760,2019-12-08,Newcastle United,Southampton,0,0,2,1,"[68, 87]",[52],45.3,54.7,6,4,12,19,581,630,344,410,16,24,25,17,3,12,0,1,1,3,0,0,11,17
46761,2019-12-08,Norwich City,Sheffield United,1,0,1,2,[27],"[49, 52]",58.2,41.8,4,3,14,9,786,625,579,418,17,17,15,23,9,1,1,2,0,4,0,1,6,12
46764,2019-12-09,West Ham United,Arsenal,1,0,1,3,[38],"[60, 66, 69]",35.8,64.2,4,3,11,10,541,864,365,675,27,12,10,16,4,3,1,0,2,0,0,0,12,6
46766,2019-12-14,Burnley,Newcastle United,0,0,1,0,[58],[],48,52,4,0,7,9,560,575,369,397,14,17,28,15,4,3,3,1,0,2,0,0,15,12
46767,2019-12-14,Chelsea,AFC Bournemouth,0,0,0,1,[],[84],67,33,5,2,18,11,813,530,590,293,15,7,26,47,9,4,3,1,1,2,0,0,9,14
46769,2019-12-14,Leicester City,Norwich City,1,1,1,1,[38],[26],56.8,43.2,5,3,18,10,746,606,513,397,21,17,15,24,12,4,0,1,0,5,0,0,11,15
46770,2019-12-14,Liverpool,Watford,1,0,2,0,"[38, 90]",[],67.9,32.1,6,2,16,8,847,514,649,309,14,21,14,35,6,3,5,4,2,1,0,0,8,6
46772,2019-12-14,Sheffield United,Aston Villa,0,0,2,0,"[50, 73]",[],56.7,43.3,3,0,7,8,697,596,512,396,12,11,16,43,3,2,3,0,2,2,0,0,10,9
46773,2019-12-14,Southampton,West Ham United,0,1,0,1,[],[37],57,43,2,4,11,11,701,561,474,359,15,17,24,29,5,8,4,2,1,3,0,0,9,14
46765,2019-12-15,Arsenal,Manchester City,0,3,0,3,[],"[2, 40, 15]",42.4,57.6,1,7,6,14,674,847,482,672,16,21,10,20,3,3,2,1,1,4,0,0,9,24
46771,2019-12-15,Manchester United,Everton,0,1,1,1,[77],[36],66.5,33.5,8,3,24,8,759,470,529,264,14,21,18,30,6,5,2,3,1,2,0,0,10,12
46774,2019-12-15,Wolverhampton Wanderers,Tottenham Hotspur,0,1,1,2,[67],"[8, 90]",57.8,42.2,5,5,19,9,699,592,494,375,18,18,9,40,11,2,0,1,4,4,0,0,14,10
46768,2019-12-16,Crystal Palace,Brighton and Hove Albion,0,0,1,1,[76],[54],34.8,65.2,4,10,11,15,535,801,315,593,14,16,32,13,3,7,0,1,1,1,0,0,7,12
46775,2019-12-21,Aston Villa,Southampton,0,2,1,3,[75],"[21, 51, 31]",56.5,43.5,6,8,19,17,667,543,432,341,9,16,21,24,7,5,2,3,2,1,0,0,16,15
46776,2019-12-21,AFC Bournemouth,Burnley,0,0,0,1,[],[89],64.8,35.2,0,1,3,2,635,410,437,230,15,13,31,27,4,5,2,0,2,4,0,0,13,21
46777,2019-12-21,Brighton and Hove Albion,Sheffield United,0,1,0,1,[],[23],69,31,2,2,9,7,832,456,648,293,9,22,6,23,4,3,2,3,1,3,0,0,6,11
46778,2019-12-21,Everton,Arsenal,0,0,0,0,[],[],43,57,0,2,9,6,548,678,353,484,15,14,13,24,5,4,0,1,2,3,0,0,10,11
46779,2019-12-21,Manchester City,Leicester City,2,1,3,1,"[30, 43, 69]",[22],62.7,37.3,12,2,23,5,859,585,690,409,19,14,3,16,6,0,1,3,2,2,0,0,14,9
46780,2019-12-21,Newcastle United,Crystal Palace,0,0,1,0,[83],[],42.5,57.5,3,4,8,16,552,702,365,503,25,18,16,14,4,5,2,0,2,0,0,0,12,11
46781,2019-12-21,Norwich City,Wolverhampton Wanderers,1,0,1,2,[17],"[60, 81]",50.2,49.8,7,4,13,14,642,618,455,440,15,13,18,12,3,11,3,2,2,4,0,0,7,14
46782,2019-12-22,Tottenham Hotspur,Chelsea,0,2,0,2,[],"[12, 45]",44.5,55.5,1,3,5,13,651,768,455,571,19,16,20,15,3,5,0,2,4,3,1,0,9,11
46783,2019-12-22,Watford,Manchester United,0,0,2,0,"[50, 54]",[],36.1,63.9,3,8,11,17,511,767,313,562,19,18,15,22,3,5,5,4,3,1,0,0,16,11
46785,2019-12-26,Aston Villa,Norwich City,0,0,1,0,[64],[],42.5,57.5,2,6,11,16,553,704,363,508,19,7,20,29,5,8,1,0,2,3,0,0,15,12
46786,2019-12-26,AFC Bournemouth,Arsenal,1,0,1,1,[35],[63],39.5,60.5,4,2,12,17,580,796,383,599,16,10,24,19,8,3,1,0,4,4,0,0,5,13
46787,2019-12-26,Chelsea,Southampton,0,1,0,2,[],"[31, 73]",66.1,33.9,3,3,10,5,937,595,688,362,21,32,7,31,8,1,1,2,3,2,0,0,10,9
46788,2019-12-26,Crystal Palace,West Ham United,0,0,2,1,"[68, 90]",[57],58.2,41.8,4,2,13,10,787,608,557,390,16,30,16,27,7,6,1,2,0,2,0,0,5,10
46789,2019-12-26,Everton,Burnley,0,0,1,0,[80],[],67.5,32.5,5,0,21,6,717,418,521,255,5,20,14,25,10,2,0,1,0,0,0,0,15,14
46790,2019-12-26,Leicester City,Liverpool,0,1,0,4,[],"[31, 74, 71, 78]",41.2,58.8,0,6,3,15,618,788,421,590,16,10,36,15,2,8,6,3,1,1,0,0,5,7
46791,2019-12-26,Manchester United,Newcastle United,3,1,4,1,"[24, 51, 36, 41]",[17],73.3,26.7,10,2,22,7,986,471,815,295,17,20,2,22,5,0,1,1,2,2,0,0,10,7
46792,2019-12-26,Sheffield United,Watford,1,1,1,1,[36],[27],58.1,41.9,4,2,16,5,713,583,517,386,18,7,10,27,9,1,4,1,0,3,0,0,11,8
46793,2019-12-26,Tottenham Hotspur,Brighton and Hove Albion,0,1,2,1,"[53, 72]",[37],53.8,46.2,5,5,11,11,692,640,494,416,19,23,19,28,9,2,5,0,4,2,0,0,10,9
46794,2019-12-27,Wolverhampton Wanderers,Manchester City,0,1,3,2,"[55, 82, 89]","[25, 50]",61.9,38.1,8,3,21,7,759,530,564,358,13,16,2,32,3,1,0,1,0,1,0,1,7,13
46796,2019-12-28,Brighton and Hove Albion,AFC Bournemouth,1,0,2,0,"[3, 79]",[],55.1,44.9,6,2,16,10,706,600,496,413,23,18,12,30,9,2,3,0,0,2,0,0,9,11
46797,2019-12-28,Burnley,Manchester United,0,1,0,2,[],"[44, 90]",38.6,61.4,1,5,8,14,455,675,295,501,13,6,12,20,5,4,5,2,4,3,0,0,17,10
46800,2019-12-28,Newcastle United,Everton,0,1,1,2,[56],"[13, 64]",42.7,57.3,5,9,20,22,535,659,317,435,14,15,25,32,5,8,3,2,2,2,0,0,13,13
46801,2019-12-28,Norwich City,Tottenham Hotspur,1,0,2,2,"[18, 61]","[55, 83]",41.1,58.9,2,7,5,15,597,768,394,554,22,22,26,11,4,6,3,3,3,3,0,0,12,10
46802,2019-12-28,Southampton,Crystal Palace,0,0,1,1,[74],[50],59.9,40.1,5,2,14,5,682,543,471,334,20,16,11,32,12,4,2,2,1,2,0,0,13,7
46803,2019-12-28,Watford,Aston Villa,1,0,3,0,"[42, 67, 71]",[],48.8,51.2,6,2,20,11,600,631,417,433,14,11,23,23,6,3,1,3,3,1,1,0,16,9
46804,2019-12-28,West Ham United,Leicester City,1,1,1,2,[45],"[40, 56]",42.7,57.3,4,8,14,13,591,751,383,523,24,11,17,10,5,5,2,3,4,1,0,0,16,4
46795,2019-12-29,Arsenal,Chelsea,1,0,1,2,[13],"[83, 87]",42.1,57.9,2,4,7,13,615,771,427,577,16,17,20,10,2,3,2,1,5,4,0,0,13,19
46798,2019-12-29,Liverpool,Wolverhampton Wanderers,1,0,1,0,[42],[],62.9,37.1,3,2,10,10,808,559,607,352,19,23,15,20,5,6,2,5,1,0,0,0,7,3
46799,2019-12-29,Manchester City,Sheffield United,0,0,2,0,"[52, 82]",[],72.9,27.1,4,0,16,8,1021,477,871,314,10,16,12,23,8,5,1,5,1,1,0,0,5,6
46805,2020-01-01,Arsenal,Manchester United,2,0,2,0,"[8, 42]",[],48.8,51.2,4,4,10,10,715,729,513,542,19,12,18,7,1,4,0,0,2,0,0,0,11,15
46806,2020-01-01,Brighton and Hove Albion,Chelsea,0,1,1,1,[84],[10],47.7,52.3,5,5,16,16,714,755,484,537,20,25,13,26,5,3,0,3,2,3,0,0,8,15
46807,2020-01-01,Burnley,Aston Villa,0,2,1,2,[80],"[27, 41]",61.9,38.1,1,6,20,11,699,500,506,327,7,13,12,31,8,4,2,1,1,1,0,0,12,10
46809,2020-01-01,Manchester City,Everton,0,0,2,1,"[51, 58]",[71],65.4,34.6,7,2,16,7,943,555,777,401,10,14,13,11,3,6,3,1,0,4,0,0,11,11
46810,2020-01-01,Newcastle United,Leicester City,0,2,0,3,[],"[36, 39, 87]",23.4,76.6,2,10,5,17,431,1022,244,833,15,17,20,14,4,5,0,3,1,1,0,0,8,12
46811,2020-01-01,Norwich City,Crystal Palace,1,0,1,1,[4],[85],40.6,59.4,4,3,15,12,604,744,362,521,30,16,32,8,2,5,2,1,5,0,0,0,12,9
46812,2020-01-01,Southampton,Tottenham Hotspur,1,0,1,0,[17],[],40.9,59.1,3,5,12,11,583,741,343,499,22,23,37,24,6,9,1,3,3,4,0,0,21,8
46813,2020-01-01,Watford,Wolverhampton Wanderers,1,0,2,1,"[30, 49]",[60],36.4,63.6,3,4,9,16,519,773,343,578,13,23,34,7,4,7,1,0,3,1,1,0,12,6
46814,2020-01-01,West Ham United,AFC Bournemouth,3,0,4,0,"[17, 35, 25, 66]",[],42.6,57.4,7,2,14,3,639,808,444,618,23,20,14,21,9,2,1,3,1,2,1,0,3,12
46808,2020-01-02,Liverpool,Sheffield United,1,0,2,0,"[4, 64]",[],74.8,25.2,7,2,19,3,1109,470,969,327,6,14,9,29,8,4,1,3,0,0,0,0,5,8
46822,2020-01-10,Sheffield United,West Ham United,0,0,1,0,[53],[],46.9,53.1,3,2,13,7,612,713,437,504,19,16,11,18,7,3,3,1,1,0,0,0,11,6
46817,2020-01-11,Chelsea,Burnley,2,0,3,0,"[27, 38, 49]",[],65.5,34.5,8,3,18,7,754,473,568,300,13,13,9,22,10,3,6,6,0,3,0,0,7,4
46818,2020-01-11,Crystal Palace,Arsenal,0,1,1,1,[54],[12],42.7,57.3,3,4,6,7,567,691,362,487,25,17,11,19,1,4,3,1,2,3,0,1,14,22
46819,2020-01-11,Everton,Brighton and Hove Albion,1,0,1,0,[38],[],53.8,46.2,6,2,14,9,705,646,491,426,21,13,22,27,4,3,2,2,2,1,0,0,7,7
46820,2020-01-11,Leicester City,Southampton,1,1,1,2,[14],"[19, 81]",58.2,41.8,5,10,5,16,686,533,455,318,20,23,21,10,2,4,3,2,0,3,0,0,9,17
46821,2020-01-11,Manchester United,Norwich City,1,0,4,0,"[27, 52, 54, 76]",[],59.6,40.4,6,3,13,8,847,652,646,440,21,22,8,20,4,2,2,0,0,0,0,0,18,7
46823,2020-01-11,Tottenham Hotspur,Liverpool,0,1,0,1,[],[37],33.2,66.8,4,7,14,13,591,961,381,786,13,20,38,9,4,3,2,2,0,2,0,0,4,8
46824,2020-01-11,Wolverhampton Wanderers,Newcastle United,1,1,1,1,[14],[7],65.7,34.3,4,1,9,5,779,496,593,311,16,15,8,37,5,2,0,1,0,3,0,0,13,12
46815,2020-01-12,Aston Villa,Manchester City,0,4,1,6,[90],"[18, 24, 28, 57, 81, 45]",29.4,70.6,1,12,7,22,538,1037,362,877,15,16,20,5,2,4,1,0,2,1,0,0,5,12
46816,2020-01-12,AFC Bournemouth,Watford,0,1,0,3,[],"[42, 65, 90]",56.7,43.3,1,6,10,18,742,609,536,411,8,27,15,36,5,5,0,5,1,1,0,0,3,13
46825,2020-01-18,Arsenal,Sheffield United,1,0,1,1,[45],[83],61,39,4,4,11,12,758,534,567,353,13,20,16,17,4,5,3,0,1,2,0,0,9,13
46826,2020-01-18,Brighton and Hove Albion,Aston Villa,1,0,1,1,[38],[75],55.3,44.7,2,3,10,8,729,618,500,397,20,20,12,19,3,4,2,4,3,3,0,0,11,13
46829,2020-01-18,Manchester City,Crystal Palace,0,1,2,2,"[82, 87]","[39, 90]",72.5,27.5,6,3,25,5,898,458,666,270,13,18,3,44,14,2,0,1,1,2,0,0,9,7
46830,2020-01-18,Newcastle United,Chelsea,0,0,1,0,[90],[],30.1,69.9,2,4,7,19,507,854,286,655,13,15,40,9,1,10,1,2,1,1,0,0,9,14
46831,2020-01-18,Norwich City,AFC Bournemouth,1,0,1,0,[33],[],66,34,5,3,16,6,820,493,635,316,13,19,11,21,4,5,0,3,2,2,1,1,10,10
46832,2020-01-18,Southampton,Wolverhampton Wanderers,2,0,2,3,"[15, 35]","[53, 65, 76]",52.5,47.5,5,4,11,8,607,563,402,371,14,13,16,18,1,3,2,2,2,1,0,0,13,12
46833,2020-01-18,Watford,Tottenham Hotspur,0,0,0,0,[],[],41.5,58.5,2,5,15,16,551,741,342,504,25,17,11,41,3,3,2,3,2,3,0,0,13,13
46834,2020-01-18,West Ham United,Everton,1,1,1,1,[40],[44],48.8,51.2,6,3,12,11,645,659,435,459,16,20,17,19,7,6,3,1,1,0,0,0,11,13
46827,2020-01-19,Burnley,Leicester City,0,1,2,1,"[56, 79]",[33],44.5,55.5,5,8,8,18,611,702,386,492,16,23,18,26,4,5,1,0,1,0,0,0,14,8
46828,2020-01-19,Liverpool,Manchester United,1,0,2,0,"[14, 90]",[],53.2,46.8,5,4,16,9,717,659,509,455,22,16,13,34,11,5,2,3,1,3,0,0,7,10
46835,2020-01-21,Aston Villa,Watford,0,1,2,1,"[68, 90]",[38],64.5,35.5,5,2,16,8,790,522,558,314,9,21,14,33,6,3,0,3,2,2,0,0,11,18
46836,2020-01-21,AFC Bournemouth,Brighton and Hove Albion,2,0,3,1,"[36, 41, 74]",[81],34.7,65.3,3,8,11,21,495,785,303,567,10,16,20,14,5,8,2,1,1,1,0,0,9,12
46837,2020-01-21,Everton,Newcastle United,1,0,2,2,"[30, 54]","[90, 90]",54.9,45.1,8,3,17,9,769,659,562,462,15,9,16,27,6,4,1,0,1,1,0,0,13,10
46840,2020-01-21,Sheffield United,Manchester City,0,0,0,1,[],[73],32.7,67.3,1,5,4,18,463,795,286,600,13,8,23,24,5,13,4,1,4,3,0,0,13,13
46842,2020-01-21,Chelsea,Arsenal,1,0,2,2,"[28, 84]","[63, 87]",58.8,41.2,8,2,19,2,751,579,546,385,18,21,18,31,17,5,2,1,2,1,0,1,11,6
46843,2020-01-21,Crystal Palace,Southampton,0,1,0,2,[],"[22, 48]",44.4,55.6,0,6,6,15,597,681,365,451,20,22,18,16,0,8,2,1,1,2,0,0,12,13
46838,2020-01-22,Leicester City,West Ham United,2,0,4,1,"[24, 45, 81, 88]",[50],67.3,32.7,8,2,19,6,771,456,569,273,17,9,10,24,7,8,2,1,1,1,0,0,10,19
46839,2020-01-22,Manchester United,Burnley,0,1,0,2,[],"[39, 56]",72.2,27.8,7,2,24,5,880,441,692,261,10,13,13,29,5,2,2,2,0,2,0,0,11,7
46844,2020-01-22,Tottenham Hotspur,Norwich City,1,0,2,1,"[38, 79]",[70],50.4,49.6,3,2,14,13,680,683,479,475,11,24,14,19,7,3,1,0,0,1,0,0,12,7
46841,2020-01-23,Wolverhampton Wanderers,Liverpool,0,1,1,2,[51],"[8, 84]",46.4,53.6,3,6,10,13,678,755,505,594,11,11,7,20,2,4,2,0,0,1,0,0,6,11
46784,2020-01-29,West Ham United,Liverpool,0,1,0,2,[],"[35, 52]",29.4,70.6,4,5,7,13,519,1007,331,828,17,17,19,12,3,7,1,0,2,0,0,0,6,6
46845,2020-02-01,AFC Bournemouth,Aston Villa,2,0,2,1,"[37, 44]",[70],39.6,60.4,6,5,16,18,524,660,303,456,12,5,36,13,1,8,1,3,1,3,1,0,10,15
46847,2020-02-01,Crystal Palace,Sheffield United,0,0,0,1,[],[58],60.7,39.3,3,3,13,10,721,533,515,337,14,20,12,28,9,5,1,0,3,2,1,0,9,15
46848,2020-02-01,Leicester City,Chelsea,0,0,2,2,"[54, 64]","[46, 71]",49.7,50.3,4,3,14,7,671,698,478,485,25,15,18,18,4,6,1,1,2,2,0,0,16,14
46849,2020-02-01,Liverpool,Southampton,0,0,4,0,"[47, 60, 71, 90]",[],61.5,38.5,9,4,16,17,728,539,530,321,14,18,23,26,6,11,2,5,0,2,0,0,9,15
46850,2020-02-01,Manchester United,Wolverhampton Wanderers,0,0,0,0,[],[],63.7,36.3,5,4,16,15,851,575,633,354,19,28,12,21,4,6,0,1,3,2,0,0,14,15
46851,2020-02-01,Newcastle United,Norwich City,0,0,0,0,[],[],43.4,56.6,5,4,15,19,579,687,365,485,15,10,37,22,8,12,3,0,2,1,0,0,10,15
46853,2020-02-01,Watford,Everton,2,2,2,3,"[10, 42]","[45, 45, 90]",44.6,55.4,2,5,11,12,549,636,364,441,15,22,20,21,4,4,0,2,2,2,0,1,17,14
46854,2020-02-01,West Ham United,Brighton and Hove Albion,2,0,3,3,"[30, 45, 57]","[47, 75, 79]",35.1,64.9,6,6,12,19,524,799,321,607,23,19,20,13,4,6,2,1,1,1,0,0,8,9
46846,2020-02-02,Burnley,Arsenal,0,0,0,0,[],[],42.7,57.3,2,2,15,13,533,658,324,462,20,17,21,23,5,7,4,1,1,3,0,0,8,11
46852,2020-02-02,Tottenham Hotspur,Manchester City,0,0,2,0,"[63, 71]",[],33.1,66.9,3,6,3,19,531,868,347,692,21,15,29,13,2,6,2,0,2,3,0,1,8,14
46857,2020-02-08,Brighton and Hove Albion,Watford,0,1,1,1,[78],[19],67.2,32.8,2,2,10,5,797,491,603,301,13,25,8,28,3,2,2,2,2,2,0,0,9,12
46859,2020-02-08,Everton,Crystal Palace,1,0,3,1,"[18, 58, 88]",[51],46.6,53.4,8,2,14,10,594,642,358,420,20,15,22,20,4,6,1,2,0,1,0,0,11,12
46862,2020-02-09,Sheffield United,AFC Bournemouth,1,1,2,1,"[45, 84]",[13],54.3,45.7,6,2,16,10,666,613,449,391,17,10,20,47,8,4,0,1,2,3,0,0,10,8
46864,2020-02-14,Wolverhampton Wanderers,Leicester City,0,0,0,0,[],[],40.8,59.2,3,3,15,9,557,698,328,493,18,21,15,17,7,0,2,0,2,2,0,1,13,10
46861,2020-02-15,Norwich City,Liverpool,0,0,0,1,[],[78],36.7,63.3,1,6,5,17,571,801,373,624,17,16,33,7,2,7,1,0,1,2,0,0,5,11
46863,2020-02-15,Southampton,Burnley,1,1,1,2,[18],"[2, 60]",63.6,36.4,2,6,10,9,731,509,518,297,11,18,10,30,4,3,1,3,2,2,0,0,8,11
46855,2020-02-16,Arsenal,Newcastle United,0,0,4,0,"[54, 57, 90, 90]",[],68.4,31.6,7,2,15,10,816,463,643,295,12,18,15,20,5,6,1,4,2,0,0,0,15,9
46856,2020-02-16,Aston Villa,Tottenham Hotspur,1,2,2,3,"[9, 53]","[27, 45, 90]",54.3,45.7,4,10,18,23,690,622,444,386,14,24,18,28,12,7,0,1,2,0,0,0,12,10
46858,2020-02-17,Chelsea,Manchester United,0,1,0,2,[],"[45, 66]",61.2,38.8,1,3,17,9,799,568,606,382,18,12,14,27,9,8,2,0,4,3,0,0,11,11
46860,2020-02-19,Manchester City,West Ham United,1,0,2,0,"[30, 62]",[],77.3,22.7,7,0,20,3,1070,433,896,254,11,15,12,36,6,1,1,3,0,1,0,0,5,7
46866,2020-02-22,Burnley,AFC Bournemouth,0,0,3,0,"[53, 61, 87]",[],42.1,57.9,10,4,16,12,503,639,306,430,22,12,18,33,7,3,1,1,4,3,0,0,9,9
46867,2020-02-22,Chelsea,Tottenham Hotspur,1,0,2,1,"[15, 48]",[89],49.1,50.9,7,3,17,5,772,794,551,572,26,24,13,15,3,5,1,0,1,2,0,0,14,14
46868,2020-02-22,Crystal Palace,Newcastle United,1,0,1,0,[44],[],44.2,55.8,9,2,18,8,585,655,356,447,22,16,15,15,7,5,0,3,2,6,0,1,15,11
46869,2020-02-22,Leicester City,Manchester City,0,0,0,1,[],[80],31.9,68.1,3,7,10,18,515,871,311,677,14,15,21,14,3,7,1,1,0,0,0,0,14,10
46872,2020-02-22,Sheffield United,Brighton and Hove Albion,1,1,1,1,[26],[30],66.3,33.7,3,2,13,9,782,523,532,285,15,15,7,56,12,2,3,2,0,2,0,0,5,6
46873,2020-02-22,Southampton,Aston Villa,1,0,2,0,"[8, 90]",[],45.9,54.1,9,1,28,4,552,607,341,398,17,13,15,25,9,6,0,2,1,4,0,0,13,17
46865,2020-02-23,Arsenal,Everton,2,2,3,2,"[27, 33, 46]","[1, 45]",51.3,48.7,4,5,9,17,666,632,491,455,13,21,16,8,6,3,2,2,0,4,0,0,12,12
46871,2020-02-23,Manchester United,Watford,1,0,3,0,"[42, 58, 75]",[],58,42,9,2,21,7,789,601,597,420,21,16,15,6,3,5,1,1,0,1,0,0,6,15
46874,2020-02-23,Wolverhampton Wanderers,Norwich City,2,0,3,0,"[19, 30, 50]",[],39.8,60.2,6,4,19,6,592,779,378,588,32,16,12,10,4,1,1,0,2,3,0,0,11,6
46870,2020-02-24,Liverpool,West Ham United,1,1,3,2,"[9, 68, 81]","[12, 54]",69.3,30.7,7,4,25,7,861,495,626,269,23,19,19,43,16,8,2,2,0,3,0,0,4,10
46881,2020-02-28,Norwich City,Leicester City,0,0,1,0,[70],[],42.6,57.4,6,4,11,19,560,667,344,468,22,15,23,10,6,7,2,0,1,2,0,0,13,16
46876,2020-02-29,AFC Bournemouth,Chelsea,0,1,2,2,"[54, 57]","[33, 85]",26.9,73.1,5,6,9,23,515,1022,301,808,8,18,49,19,4,14,1,2,2,2,0,0,8,5
46877,2020-02-29,Brighton and Hove Albion,Crystal Palace,0,0,0,1,[],[70],66.5,33.5,8,3,23,12,778,506,538,273,26,23,15,32,8,7,1,3,2,1,0,0,8,9
46880,2020-02-29,Newcastle United,Burnley,0,0,0,0,[],[],54,46,4,0,21,7,576,533,376,323,19,14,18,20,11,7,2,2,4,3,0,0,11,9
46883,2020-02-29,Watford,Liverpool,0,0,3,0,"[54, 60, 72]",[],29.2,70.8,5,1,14,7,485,893,299,732,13,8,41,13,3,5,5,1,0,0,0,0,4,8
46884,2020-02-29,West Ham United,Southampton,2,1,3,1,"[15, 40, 54]",[31],33.7,66.3,7,2,14,10,481,737,257,521,16,17,35,20,4,9,0,1,1,1,0,0,8,11
46878,2020-03-01,Everton,Manchester United,1,1,1,1,[3],[31],44.1,55.9,5,5,16,14,551,640,327,431,14,16,19,27,13,8,3,1,3,4,0,0,11,11
46882,2020-03-01,Tottenham Hotspur,Wolverhampton Wanderers,2,1,2,3,"[13, 45]","[27, 57, 73]",65.5,34.5,5,4,13,14,824,535,621,322,22,25,19,28,4,5,0,0,3,2,0,0,12,14
46885,2020-03-07,Arsenal,West Ham United,0,0,1,0,[78],[],68.9,31.1,2,6,9,14,799,448,621,264,13,11,28,18,6,7,2,2,1,2,0,0,11,9
46886,2020-03-07,Burnley,Tottenham Hotspur,1,0,1,1,[13],[50],45,55,8,2,21,13,623,692,378,479,24,14,21,36,3,5,2,0,5,4,0,0,16,11
46888,2020-03-07,Crystal Palace,Watford,1,0,1,0,[28],[],44.2,55.8,3,3,10,10,604,665,371,464,21,22,33,18,8,8,2,1,4,4,0,0,12,16
46890,2020-03-07,Liverpool,AFC Bournemouth,2,1,2,1,"[24, 33]",[9],74.5,25.5,6,4,14,6,917,419,729,246,7,9,20,43,9,4,1,5,0,1,0,0,10,12
46892,2020-03-07,Sheffield United,Norwich City,1,0,1,0,[36],[],41.8,58.2,4,5,10,12,576,736,359,519,14,18,31,27,10,5,1,3,0,0,0,0,12,8
46893,2020-03-07,Southampton,Newcastle United,0,0,0,1,[],[79],38,62,3,7,6,14,502,696,298,500,19,15,18,18,5,8,0,2,0,3,1,0,14,15
46894,2020-03-07,Wolverhampton Wanderers,Brighton and Hove Albion,0,0,0,0,[],[],43.1,56.9,1,1,11,7,668,821,458,606,22,23,14,21,2,0,0,0,1,3,0,0,4,7
46887,2020-03-08,Chelsea,Everton,2,0,4,0,"[14, 21, 51, 54]",[],60.2,39.8,11,1,17,3,823,571,646,415,13,15,12,11,6,1,0,1,1,2,0,0,8,10
46891,2020-03-08,Manchester United,Manchester City,1,0,2,0,"[30, 90]",[],27.7,72.3,6,4,12,7,488,948,294,761,19,15,33,8,2,11,1,2,2,4,0,0,11,9
46889,2020-03-09,Leicester City,Aston Villa,1,0,4,0,"[40, 85, 63, 79]",[],64.6,35.4,7,1,15,4,757,510,543,301,24,23,12,22,9,0,3,2,2,1,0,0,15,12
46875,2020-06-17,Aston Villa,Sheffield United,0,0,0,0,[],[],45.1,54.9,6,1,14,5,575,648,382,483,8,18,17,17,12,4,1,0,1,1,0,0,11,14
46879,2020-06-17,Manchester City,Arsenal,1,0,3,0,"[45, 51, 90]",[],67.1,32.9,12,0,20,3,834,466,692,333,7,15,6,11,5,2,1,5,1,1,0,1,9,7
46901,2020-06-19,Norwich City,Southampton,0,0,0,3,[],"[49, 54, 79]",55,45,1,9,9,22,616,552,406,333,19,24,15,16,9,7,3,1,1,1,0,0,9,15
46902,2020-06-19,Tottenham Hotspur,Manchester United,1,0,1,1,[27],[81],38.8,61.2,3,6,10,12,566,791,365,586,14,16,30,18,7,6,1,3,0,1,0,0,17,18
46896,2020-06-20,AFC Bournemouth,Crystal Palace,0,2,0,2,[],"[12, 23]",58.7,41.3,1,2,12,7,680,541,494,350,18,26,8,20,11,4,2,3,3,2,0,0,13,15
46897,2020-06-20,Brighton and Hove Albion,Arsenal,0,0,2,1,"[75, 90]",[68],41.3,58.7,5,6,9,13,495,665,325,476,22,8,23,25,10,7,0,4,2,1,0,0,13,8
46903,2020-06-20,Watford,Leicester City,0,0,1,1,[90],[90],31.7,68.3,4,2,8,15,459,760,254,555,13,27,22,25,2,7,0,3,0,1,0,0,15,12
46904,2020-06-20,West Ham United,Wolverhampton Wanderers,0,0,0,2,[],"[73, 84]",42.2,57.8,2,6,7,10,536,695,357,506,15,18,16,18,5,7,0,1,1,1,0,0,8,7
46895,2020-06-21,Aston Villa,Chelsea,1,0,1,2,[43],"[60, 62]",26,74,4,5,8,19,412,859,246,692,8,7,31,11,2,10,0,0,2,1,0,0,9,17
46898,2020-06-21,Everton,Liverpool,0,0,0,0,[],[],29.9,70.1,3,3,8,10,426,767,256,594,20,16,26,3,1,6,2,1,2,2,0,0,15,12
46900,2020-06-21,Newcastle United,Sheffield United,0,0,3,0,"[55, 69, 78]",[],46,54,8,1,12,7,603,664,442,509,11,16,12,12,2,4,3,1,2,0,0,1,9,10
46899,2020-06-22,Manchester City,Burnley,3,0,5,0,"[22, 63, 43, 45, 51]",[],71.7,28.3,7,0,19,1,938,434,816,322,12,11,8,12,3,1,1,2,1,1,0,0,8,7
46907,2020-06-23,Leicester City,Brighton and Hove Albion,0,0,0,0,[],[],66.4,33.6,2,2,11,10,783,487,588,294,16,21,20,25,6,7,0,0,2,2,0,0,10,13
46913,2020-06-23,Tottenham Hotspur,West Ham United,0,0,2,0,"[64, 82]",[],64.5,35.5,4,2,15,10,826,533,662,361,9,21,10,24,9,4,3,2,2,2,0,0,12,7
46908,2020-06-24,Liverpool,Crystal Palace,2,0,4,0,"[23, 44, 55, 69]",[],73.3,26.7,7,0,21,3,1051,509,886,330,17,20,1,37,6,0,0,1,0,0,0,0,7,5
46909,2020-06-24,Manchester United,Sheffield United,2,0,3,0,"[7, 44, 74]",[],68.2,31.8,6,1,15,4,891,486,748,338,7,15,18,18,10,5,1,2,1,0,0,0,10,6
46910,2020-06-24,Newcastle United,Aston Villa,0,0,1,1,[68],[83],52.1,47.9,3,2,13,14,595,541,416,369,6,5,32,18,6,9,1,0,2,2,0,0,15,13
46911,2020-06-24,Norwich City,Everton,0,0,0,1,[],[55],46.6,53.4,1,5,9,12,629,689,432,495,15,20,24,22,6,5,1,1,0,1,0,0,8,13
46914,2020-06-24,Wolverhampton Wanderers,AFC Bournemouth,0,0,1,0,[60],[],55.1,44.9,2,0,10,4,613,519,425,347,14,17,24,15,6,4,2,2,3,3,0,0,11,11
46905,2020-06-25,Burnley,Watford,0,0,1,0,[73],[],55.2,44.8,5,4,9,10,610,500,424,329,11,16,36,13,1,7,3,0,1,0,0,0,13,15
46906,2020-06-25,Chelsea,Manchester City,1,0,2,1,"[36, 78]",[55],35.3,64.7,10,2,15,11,517,875,382,713,13,7,20,8,5,7,3,1,1,1,0,1,13,3
46912,2020-06-25,Southampton,Arsenal,0,1,0,2,[],"[20, 86]",52.6,47.4,3,5,12,10,608,566,435,398,17,10,8,19,4,6,2,1,0,2,1,0,10,14
46916,2020-06-27,Aston Villa,Wolverhampton Wanderers,0,0,0,1,[],[62],48,52,1,2,11,9,568,601,423,464,8,10,9,9,2,2,0,2,1,1,0,0,16,16
46923,2020-06-28,Watford,Southampton,0,1,1,3,[79],"[16, 70, 82]",47.6,52.4,0,7,8,11,587,663,396,460,13,20,10,28,5,3,1,1,3,0,0,0,18,9
46919,2020-06-29,Crystal Palace,Burnley,0,0,0,1,[],[62],58.4,41.6,4,4,17,8,678,545,479,354,13,16,13,35,9,1,0,0,1,1,0,0,12,13
46918,2020-06-30,Brighton and Hove Albion,Manchester United,0,2,0,3,[],"[16, 29, 50]",38,62,2,6,8,12,529,780,375,629,13,16,13,12,4,5,2,2,0,1,0,0,10,9
46915,2020-07-01,Arsenal,Norwich City,2,0,4,0,"[33, 67, 37, 81]",[],51.6,48.4,8,2,13,8,626,601,468,445,12,19,11,18,6,2,0,2,1,4,0,0,10,10
46917,2020-07-01,AFC Bournemouth,Newcastle United,0,2,1,4,[90],"[5, 30, 57, 77]",54.9,45.1,1,7,12,12,662,571,493,420,16,16,7,13,6,3,2,1,2,0,0,0,11,10
46920,2020-07-01,Everton,Leicester City,2,0,2,1,"[10, 16]",[51],34.9,65.1,2,3,7,15,524,796,331,596,20,15,34,9,3,5,0,1,1,1,0,0,13,10
46924,2020-07-01,West Ham United,Chelsea,1,1,3,2,"[45, 51, 89]","[42, 72]",28.8,71.2,4,6,10,17,442,845,273,658,16,19,29,9,2,3,2,2,2,1,0,0,10,9
46921,2020-07-02,Manchester City,Liverpool,3,0,4,0,"[25, 35, 45, 66]",[],47,53,6,3,14,11,662,709,490,551,10,13,19,8,3,3,3,2,2,2,0,0,8,7
46922,2020-07-02,Sheffield United,Tottenham Hotspur,1,0,3,1,"[31, 69, 84]",[90],32.5,67.5,5,2,7,9,494,826,312,637,18,14,28,10,1,6,2,1,2,0,0,0,13,13
46926,2020-07-04,Chelsea,Watford,2,0,3,0,"[28, 43, 90]",[],70.4,29.6,9,3,21,7,923,480,731,300,13,24,18,21,5,3,1,2,0,2,0,0,9,12
46927,2020-07-04,Leicester City,Crystal Palace,0,0,3,0,"[49, 77, 90]",[],52.2,47.8,4,1,15,7,710,656,506,450,29,18,20,4,3,7,1,1,2,1,0,0,18,8
46929,2020-07-04,Manchester United,AFC Bournemouth,3,1,5,2,"[29, 54, 35, 45, 59]","[15, 49]",69.3,30.7,10,3,19,7,812,439,648,283,16,10,9,17,8,3,4,4,0,1,0,0,3,12
46931,2020-07-04,Norwich City,Brighton and Hove Albion,0,1,0,1,[],[25],58,42,1,2,12,8,763,594,587,418,14,11,19,17,0,2,4,0,2,2,0,0,11,13
46934,2020-07-04,Wolverhampton Wanderers,Arsenal,0,1,0,2,[],"[43, 86]",51.9,48.1,1,5,10,8,692,651,516,482,13,29,9,25,3,5,1,0,2,4,0,0,6,11
46925,2020-07-05,Burnley,Sheffield United,1,0,1,1,[43],[80],47.4,52.6,4,3,9,10,606,625,404,441,9,12,36,17,3,9,2,1,0,0,0,0,8,14
46928,2020-07-05,Liverpool,Aston Villa,0,0,2,0,"[71, 89]",[],71.2,28.8,4,3,6,9,830,457,672,263,7,8,18,26,7,5,1,5,1,1,0,0,18,8
46930,2020-07-05,Newcastle United,West Ham United,1,1,2,2,"[17, 67]","[4, 65]",57.4,42.6,4,7,11,17,704,563,516,379,22,18,20,14,6,4,1,1,1,0,0,0,9,11
46932,2020-07-05,Southampton,Manchester City,1,0,1,0,[16],[],26.3,73.7,4,6,8,26,519,1022,297,808,20,16,57,12,2,13,3,3,1,2,0,0,6,7
46933,2020-07-06,Tottenham Hotspur,Everton,1,0,1,0,[24],[],51.6,48.4,2,3,12,11,630,587,448,413,13,10,23,22,5,6,2,2,3,2,0,0,14,18
46935,2020-07-07,Arsenal,Leicester City,1,0,1,1,[21],[84],37.5,62.5,7,5,11,13,518,733,323,558,6,17,13,20,10,1,4,1,1,0,1,0,10,14
46939,2020-07-07,Crystal Palace,Chelsea,1,2,2,3,"[34, 72]","[6, 27, 71]",42,58,4,6,13,14,609,764,381,538,19,21,19,23,7,9,1,0,1,0,0,0,11,10
46943,2020-07-07,Watford,Norwich City,1,1,2,1,"[10, 55]",[4],43.5,56.5,4,3,9,12,564,705,375,504,21,19,8,30,4,3,0,0,2,4,0,0,11,15
46938,2020-07-08,Brighton and Hove Albion,Liverpool,1,2,1,3,[45],"[6, 76, 8]",44.4,55.6,2,8,12,20,594,667,381,477,12,11,39,18,6,10,5,0,1,4,0,0,7,15
46941,2020-07-08,Manchester City,Newcastle United,2,0,5,0,"[10, 21, 58, 65, 90]",[],73.6,26.4,9,1,23,6,1000,450,843,296,5,15,11,14,8,1,2,0,0,0,0,0,13,7
46942,2020-07-08,Sheffield United,Wolverhampton Wanderers,0,0,1,0,[90],[],42.8,57.2,3,1,7,6,563,731,382,545,16,13,15,27,6,1,3,0,2,0,0,0,5,6
46944,2020-07-08,West Ham United,Burnley,0,1,0,1,[],[38],53.2,46.8,5,4,21,8,637,619,427,395,19,17,16,45,10,3,0,5,1,1,0,0,7,7
46936,2020-07-09,Aston Villa,Manchester United,0,2,0,3,[],"[27, 45, 58]",33.4,66.6,1,6,9,14,473,789,310,637,9,11,16,11,3,5,2,1,2,3,0,0,7,13
46937,2020-07-09,AFC Bournemouth,Tottenham Hotspur,0,0,0,0,[],[],35.7,64.3,2,0,9,9,478,715,271,499,15,21,26,38,8,12,1,0,3,2,0,0,11,14
46940,2020-07-09,Everton,Southampton,1,1,1,1,[44],[31],38.7,61.3,4,4,11,16,522,697,330,518,12,13,26,12,3,5,3,2,3,3,0,0,13,14
46947,2020-07-11,Brighton and Hove Albion,Manchester City,0,2,0,5,[],"[21, 53, 81, 44, 56]",29.8,70.2,0,8,3,26,476,975,335,799,12,16,15,9,2,7,6,1,1,0,0,0,7,3
46948,2020-07-11,Liverpool,Burnley,1,0,1,1,[34],[69],70.8,29.2,9,2,23,6,857,436,659,265,10,11,17,36,11,6,2,3,1,2,0,0,7,4
46950,2020-07-11,Norwich City,West Ham United,0,2,0,4,[],"[11, 45, 54, 74]",52.5,47.5,2,7,11,19,695,633,542,478,16,12,16,8,1,6,1,0,1,0,0,0,9,8
46951,2020-07-11,Sheffield United,Chelsea,2,0,3,0,"[18, 77, 33]",[],23.7,76.3,4,4,9,15,408,981,251,809,7,8,37,12,4,6,1,0,1,0,0,0,8,6
46953,2020-07-11,Watford,Newcastle United,0,1,2,1,"[52, 82]",[23],47.7,52.3,5,4,17,8,488,531,316,353,12,13,10,21,2,4,3,3,1,4,0,0,23,15
46945,2020-07-12,Aston Villa,Crystal Palace,1,0,2,0,"[45, 59]",[],44.9,55.1,9,5,12,9,494,590,314,386,12,15,12,15,5,1,1,0,2,4,0,1,21,21
46946,2020-07-12,AFC Bournemouth,Leicester City,0,1,4,1,"[66, 67, 87, 83]",[23],44.1,55.9,4,5,9,13,611,729,424,545,6,17,20,13,2,6,4,1,2,1,0,1,11,12
46952,2020-07-12,Tottenham Hotspur,Arsenal,1,1,2,1,"[19, 81]",[16],37.3,62.7,9,4,15,13,542,808,378,636,22,12,21,13,6,5,2,0,5,3,0,0,16,11
46954,2020-07-12,Wolverhampton Wanderers,Everton,1,0,3,0,"[45, 46, 74]",[],55.1,44.9,7,2,14,6,717,595,564,450,9,10,11,13,5,2,1,0,0,2,0,0,9,9
46949,2020-07-13,Manchester United,Southampton,2,1,2,2,"[20, 23]","[12, 90]",47.5,52.5,4,5,8,9,654,684,463,510,13,10,20,16,4,6,1,0,1,3,0,0,14,15
46957,2020-07-14,Chelsea,Norwich City,1,0,1,0,[45],[],67.7,32.3,6,0,22,2,950,540,772,374,8,15,6,21,8,1,0,1,2,2,0,0,10,9
46955,2020-07-15,Arsenal,Liverpool,2,1,2,1,"[32, 44]",[20],31.1,68.9,2,8,3,24,456,816,286,614,21,12,24,3,2,13,5,4,3,1,0,0,14,10
46956,2020-07-15,Burnley,Wolverhampton Wanderers,0,0,1,1,[90],[76],46.7,53.3,1,5,9,14,522,598,359,413,12,9,21,20,3,8,1,1,0,0,0,0,10,8
46961,2020-07-15,Manchester City,AFC Bournemouth,2,0,2,1,"[6, 39]",[88],72.5,27.5,4,3,8,15,923,435,756,275,15,9,25,10,3,5,2,2,1,1,0,0,10,10
46962,2020-07-15,Newcastle United,Tottenham Hotspur,0,1,1,3,[56],"[27, 60, 90]",52.8,47.2,6,5,22,8,662,623,503,456,14,14,9,21,5,4,0,1,2,3,0,0,6,13
46958,2020-07-16,Crystal Palace,Manchester United,0,1,0,2,[],"[45, 78]",40.6,59.4,5,5,13,17,626,827,428,625,26,14,18,13,2,7,1,0,1,2,0,0,10,15
46959,2020-07-16,Everton,Aston Villa,0,0,1,1,[87],[72],54.9,45.1,1,1,9,15,622,527,443,362,10,9,20,14,5,5,0,0,2,1,0,0,15,13
46960,2020-07-16,Leicester City,Sheffield United,1,0,2,0,"[29, 79]",[],54.4,45.6,7,1,15,5,658,586,472,401,18,10,24,24,9,5,3,4,1,2,0,0,12,10
46963,2020-07-16,Southampton,Brighton and Hove Albion,0,1,1,1,[66],[17],67.9,32.1,6,2,21,10,787,465,597,281,15,18,8,21,8,2,1,2,1,0,0,0,6,10
46964,2020-07-17,West Ham United,Watford,3,0,3,1,"[6, 10, 36]",[49],40.6,59.4,4,3,10,14,497,652,297,439,13,16,28,18,9,3,1,2,0,2,0,0,11,11
46970,2020-07-18,Norwich City,Burnley,0,1,0,2,[],"[45, 80]",42.3,57.7,2,8,6,23,516,638,354,468,6,13,23,8,6,8,1,1,0,0,2,0,9,16
46966,2020-07-19,AFC Bournemouth,Southampton,0,1,0,2,[],"[41, 90]",43,57,3,8,11,16,506,634,288,407,17,22,11,47,12,6,2,1,2,2,0,0,12,11
46972,2020-07-19,Tottenham Hotspur,Leicester City,3,0,3,0,"[6, 37, 40]",[],29,71,3,6,7,24,465,893,285,697,17,12,30,7,4,13,4,0,2,1,0,0,15,10
46967,2020-07-20,Brighton and Hove Albion,Newcastle United,0,0,0,0,[],[],62.5,37.5,3,1,11,12,725,497,542,315,12,15,19,23,9,7,1,1,4,2,0,0,13,12
46971,2020-07-20,Sheffield United,Everton,0,0,0,1,[],[46],50.6,49.4,0,2,8,5,651,660,468,472,17,10,12,29,7,1,1,2,1,3,0,0,11,19
46974,2020-07-20,Wolverhampton Wanderers,Crystal Palace,1,0,2,0,"[41, 68]",[],53.4,46.6,5,3,11,7,651,594,465,404,18,13,14,18,5,2,0,1,2,1,0,0,11,15
46965,2020-07-21,Aston Villa,Arsenal,1,0,1,0,[27],[],31,69,3,0,8,7,439,771,264,606,16,3,32,18,8,9,1,1,2,4,0,0,13,19
46973,2020-07-21,Watford,Manchester City,0,2,0,4,[],"[31, 40, 63, 66]",23.1,76.9,0,10,2,26,410,941,232,764,18,22,21,11,0,8,4,3,2,0,0,0,14,11
46968,2020-07-22,Liverpool,Chelsea,3,1,5,3,"[23, 38, 43, 54, 84]","[45, 61, 73]",50,50,7,5,10,10,749,752,584,575,19,9,14,15,6,0,0,3,1,0,0,0,8,11
46969,2020-07-22,Manchester United,West Ham United,0,1,1,1,[51],[45],57.2,42.8,4,3,11,12,775,613,609,441,9,20,8,18,2,3,3,1,3,1,0,0,10,9
46975,2020-07-26,Arsenal,Watford,3,1,3,2,"[5, 33, 24]","[43, 66]",51.1,48.9,5,6,13,19,626,589,442,398,14,7,25,6,4,8,1,3,3,3,0,0,9,12
46976,2020-07-26,Burnley,Brighton and Hove Albion,1,1,1,2,[44],"[20, 50]",54.2,45.8,2,4,13,15,561,520,378,334,20,6,3,31,6,7,3,2,3,0,0,0,11,11
46977,2020-07-26,Chelsea,Wolverhampton Wanderers,2,0,2,0,"[45, 45]",[],62.9,37.1,3,1,11,5,833,561,629,370,30,22,14,6,3,3,3,1,2,3,0,0,10,16
46978,2020-07-26,Crystal Palace,Tottenham Hotspur,0,1,1,1,[53],[13],47.2,52.8,2,2,13,7,637,693,422,489,22,26,11,17,7,2,1,0,3,2,0,0,11,13
46979,2020-07-26,Everton,AFC Bournemouth,1,2,1,3,[41],"[13, 45, 80]",70,30,5,7,13,13,916,507,687,282,26,18,23,12,2,5,0,1,1,0,0,0,11,9
46980,2020-07-26,Leicester City,Manchester United,0,0,0,2,[],"[71, 90]",45.8,54.2,3,3,14,7,623,681,425,518,23,21,12,8,3,3,2,2,1,5,1,0,12,11
46981,2020-07-26,Manchester City,Norwich City,2,0,5,0,"[11, 45, 90, 79, 83]",[],73.1,26.9,10,4,31,5,900,415,722,268,12,14,5,26,9,0,0,2,1,1,0,0,7,4
46982,2020-07-26,Newcastle United,Liverpool,1,1,1,3,[1],"[38, 59, 89]",25.3,74.7,2,6,3,14,428,981,267,792,23,12,23,8,2,4,3,1,1,0,0,0,11,5
46983,2020-07-26,Southampton,Sheffield United,0,1,3,1,"[50, 71, 84]",[26],72.1,27.9,4,3,13,5,864,417,684,260,11,12,8,34,9,1,2,2,0,1,0,0,9,16
46984,2020-07-26,West Ham United,Aston Villa,0,0,1,1,[85],[84],63,37,1,4,10,13,655,444,480,277,15,13,26,11,0,7,0,1,2,1,0,0,16,13
58897,2020-09-12,Crystal Palace,Southampton,1,0,1,0,[13],[],29.4,70.6,3,5,5,9,449,787,236,580,15,28,22,15,7,3,4,0,2,1,0,1,14,11
58898,2020-09-12,Fulham,Arsenal,0,1,0,3,[],"[8, 49, 57]",45.6,54.4,2,6,5,13,667,775,523,626,11,12,7,11,2,3,2,2,2,2,0,0,12,12
58899,2020-09-12,Liverpool,Leeds United,3,2,4,3,"[4, 33, 88, 20]","[12, 30, 66]",48.8,51.2,6,3,22,6,661,695,432,459,13,34,11,34,9,0,2,5,1,0,0,0,9,6
58903,2020-09-12,West Ham United,Newcastle United,0,0,0,2,[],"[56, 87]",58.3,41.7,3,2,15,15,640,526,474,342,14,13,18,28,8,7,2,4,2,2,0,0,13,7
58901,2020-09-13,Tottenham Hotspur,Everton,0,0,0,1,[],[55],51.6,48.4,5,4,9,15,730,735,552,529,9,19,17,36,5,3,0,1,1,0,0,0,15,7
58902,2020-09-13,West Bromwich Albion,Leicester City,0,0,0,3,[],"[56, 74, 84]",35.8,64.2,1,7,7,13,487,779,336,604,7,17,13,14,2,5,4,3,1,1,0,0,12,9
58904,2020-09-14,Brighton and Hove Albion,Chelsea,0,1,1,3,[54],"[23, 56, 66]",52.3,47.7,3,5,13,10,681,644,507,465,17,16,8,15,4,3,0,3,1,0,0,0,8,13
58905,2020-09-14,Sheffield United,Wolverhampton Wanderers,0,2,0,2,[],"[3, 6]",55.1,44.9,2,4,9,11,644,597,460,391,16,14,10,35,12,5,4,0,2,1,0,0,13,7
58906,2020-09-19,Arsenal,West Ham United,1,1,2,1,"[25, 85]",[45],62.6,37.4,3,3,7,14,844,564,669,383,8,10,17,27,7,5,5,2,0,1,0,0,11,13
58909,2020-09-19,Everton,West Bromwich Albion,2,1,5,2,"[31, 62, 66, 45, 54]","[10, 47]",71.3,28.7,7,4,17,6,982,491,799,322,21,18,4,20,11,1,1,1,1,0,0,1,9,11
58910,2020-09-19,Leeds United,Fulham,2,1,4,3,"[5, 57, 41, 50]","[34, 67, 62]",50.3,49.7,7,6,10,14,658,668,444,438,22,18,11,16,5,3,3,0,1,2,0,0,13,18
58912,2020-09-19,Manchester United,Crystal Palace,0,1,1,3,[80],"[7, 74, 85]",75.8,24.2,4,5,17,14,912,444,705,225,14,24,14,33,9,3,1,2,2,1,0,0,13,10
58908,2020-09-20,Chelsea,Liverpool,0,0,0,2,[],"[50, 54]",38.7,61.3,3,6,5,18,675,934,488,764,17,14,34,3,1,11,1,1,1,0,1,0,10,6
58911,2020-09-20,Leicester City,Burnley,1,1,4,2,"[20, 50, 61, 79]","[10, 73]",67.8,32.2,6,5,14,16,796,481,621,292,13,12,13,28,15,4,0,1,1,2,0,0,11,13
58913,2020-09-20,Newcastle United,Brighton and Hove Albion,0,2,0,3,[],"[4, 7, 83]",47.2,52.8,0,6,6,13,534,598,386,444,10,8,14,20,7,1,1,2,3,0,0,1,16,15
58914,2020-09-20,Southampton,Tottenham Hotspur,1,1,2,5,"[32, 90]","[45, 47, 64, 73, 82]",52.5,47.5,7,6,14,9,611,576,460,419,8,8,7,21,3,2,2,6,4,3,0,0,17,18
58907,2020-09-21,Aston Villa,Sheffield United,0,0,1,0,[63],[],71.9,28.1,2,1,18,4,732,374,553,221,5,9,14,36,10,4,1,0,3,1,0,1,12,13
58915,2020-09-21,Wolverhampton Wanderers,Manchester City,0,2,1,3,[78],"[20, 32, 90]",34.8,65.2,1,9,10,14,545,861,356,692,25,22,9,10,4,6,2,3,0,3,0,0,7,8
58916,2020-09-26,Brighton and Hove Albion,Manchester United,1,1,2,3,"[40, 90]","[43, 55, 90]",53.3,46.7,5,3,18,7,676,622,488,445,12,15,4,21,7,1,1,4,4,2,0,0,18,16
58917,2020-09-26,Burnley,Southampton,0,1,0,1,[],[5],53.4,46.6,2,1,10,5,722,679,522,480,15,12,11,37,8,2,2,1,1,0,0,0,8,10
58918,2020-09-26,Crystal Palace,Everton,1,2,1,2,[26],"[10, 40]",42.3,57.7,1,5,8,10,579,742,370,524,26,20,12,25,7,6,1,0,3,1,0,0,16,15
58924,2020-09-26,West Bromwich Albion,Chelsea,3,0,3,3,"[4, 25, 27]","[55, 70, 90]",24.1,75.9,3,10,9,22,456,983,249,797,9,12,39,11,3,9,1,0,1,3,0,0,8,16
58921,2020-09-27,Manchester City,Leicester City,1,1,2,5,"[4, 84]","[37, 53, 58, 77, 88]",71.7,28.3,5,7,16,7,847,430,680,267,12,23,7,22,3,3,2,3,1,3,0,0,13,8
58922,2020-09-27,Sheffield United,Leeds United,0,0,0,1,[],[88],36.3,63.7,4,9,14,17,545,801,327,578,23,13,30,10,5,7,2,1,2,1,0,0,18,4
58923,2020-09-27,Tottenham Hotspur,Newcastle United,1,0,1,1,[25],[90],65.8,34.2,12,1,23,6,818,498,640,319,10,16,17,25,10,4,0,1,1,4,0,0,15,9
58925,2020-09-27,West Ham United,Wolverhampton Wanderers,1,0,4,0,"[17, 57, 66, 90]",[],36.9,63.1,7,2,15,11,560,822,367,626,24,17,17,6,1,3,3,2,0,1,0,0,7,11
58919,2020-09-28,Fulham,Aston Villa,0,2,0,3,[],"[4, 15, 48]",65,35,3,5,16,12,759,513,538,302,9,23,7,34,5,3,0,3,6,3,0,0,18,14
58920,2020-09-28,Liverpool,Arsenal,2,1,3,1,"[28, 34, 88]",[25],66,34,8,3,21,4,950,561,772,395,10,11,13,37,7,3,0,5,2,2,0,0,11,7
58928,2020-10-03,Chelsea,Crystal Palace,0,0,4,0,"[50, 66, 78, 82]",[],70.9,29.1,6,0,17,4,876,455,707,280,14,10,14,15,8,5,1,0,2,0,0,0,17,13
58929,2020-10-03,Everton,Brighton and Hove Albion,2,1,4,2,"[16, 45, 52, 70]","[41, 90]",43.4,56.6,6,3,11,11,669,800,474,618,20,20,18,14,3,10,0,2,0,1,0,0,13,14
58930,2020-10-03,Leeds United,Manchester City,0,1,1,1,[59],[17],52.1,47.9,7,2,12,23,633,611,429,389,27,11,19,15,7,10,2,3,2,1,0,0,11,12
58933,2020-10-03,Newcastle United,Burnley,1,0,3,1,"[14, 65, 77]",[61],47.7,52.3,5,3,10,7,606,616,416,455,5,13,34,9,3,4,4,5,2,3,0,0,13,17
58926,2020-10-04,Arsenal,Sheffield United,0,0,2,1,"[61, 64]",[84],64.5,35.5,5,2,6,6,860,525,699,373,8,11,18,22,2,4,0,3,0,1,0,0,3,9
58927,2020-10-04,Aston Villa,Liverpool,4,1,7,2,"[4, 22, 39, 35, 55, 66, 75]","[33, 60]",30.2,69.8,11,8,18,14,490,854,285,650,15,14,31,14,2,7,2,1,2,1,0,0,7,10
58931,2020-10-04,Leicester City,West Ham United,0,2,0,3,[],"[14, 34, 83]",69.5,30.5,0,6,4,14,857,476,684,296,7,12,8,30,6,4,4,2,2,2,0,0,10,8
58932,2020-10-04,Manchester United,Tottenham Hotspur,1,4,1,6,[2],"[4, 7, 37, 30, 79, 51]",38.4,61.6,2,8,5,22,598,862,416,672,15,23,11,17,2,4,1,0,2,1,1,0,14,11
58934,2020-10-04,Southampton,West Bromwich Albion,1,0,2,0,"[41, 69]",[],61.6,38.4,7,2,13,5,706,535,522,325,21,18,4,16,5,1,1,1,2,1,0,0,19,10
58935,2020-10-04,Wolverhampton Wanderers,Fulham,0,0,1,0,[56],[],47.1,52.9,5,2,14,10,639,713,478,524,9,14,25,14,6,2,0,0,1,1,0,0,15,8
58936,2020-10-17,Chelsea,Southampton,2,1,3,3,"[15, 28, 59]","[43, 57, 90]",53.4,46.6,5,6,11,13,787,682,574,503,16,13,29,8,6,2,3,1,1,1,0,0,11,9
58938,2020-10-17,Everton,Liverpool,1,1,2,2,"[19, 81]","[3, 72]",41.9,58.1,5,8,11,22,554,714,380,524,16,18,27,13,2,5,2,3,3,2,1,0,15,9
58941,2020-10-17,Manchester City,Arsenal,1,0,1,0,[23],[],58.5,41.5,5,3,13,11,801,618,665,462,11,13,9,12,6,6,0,2,4,1,0,0,15,10
58942,2020-10-17,Newcastle United,Manchester United,1,1,1,4,[2],"[23, 86, 90, 90]",36.4,63.6,4,14,7,28,562,823,358,629,18,14,24,13,0,7,0,2,1,1,0,0,9,12
58937,2020-10-18,Crystal Palace,Brighton and Hove Albion,1,0,1,1,[19],[90],34.3,65.7,1,3,1,20,454,746,280,544,19,15,31,8,2,5,1,2,3,2,0,1,13,13
58940,2020-10-18,Leicester City,Aston Villa,0,0,0,1,[],[90],50.5,49.5,5,4,11,10,611,612,417,397,21,14,24,11,2,7,2,3,4,3,0,0,18,18
58943,2020-10-18,Sheffield United,Fulham,0,0,1,1,[85],[77],41.5,58.5,6,6,10,15,562,743,399,563,15,14,17,22,2,5,4,0,0,2,0,0,5,9
58944,2020-10-18,Tottenham Hotspur,West Ham United,3,0,3,3,"[1, 8, 16]","[82, 85, 90]",51.2,48.8,6,4,11,13,707,666,511,459,25,14,30,8,3,7,1,3,0,5,0,0,13,12
58939,2020-10-19,Leeds United,Wolverhampton Wanderers,0,0,0,1,[],[70],67.8,32.2,2,3,13,7,728,468,553,269,14,14,5,26,8,3,1,2,2,1,0,0,13,12
58945,2020-10-19,West Bromwich Albion,Burnley,0,0,0,0,[],[],56.8,43.2,6,4,13,9,674,544,477,352,14,13,24,15,8,2,2,0,2,2,0,0,15,17
58947,2020-10-23,Aston Villa,Leeds United,0,0,0,3,[],"[55, 67, 74]",40.8,59.2,4,9,12,27,496,648,305,445,14,14,22,12,6,5,0,0,2,2,0,0,14,17
58950,2020-10-24,Fulham,Crystal Palace,0,1,1,2,[90],"[8, 63]",64.2,35.8,3,10,16,14,851,566,643,366,19,22,13,19,4,4,1,2,0,1,1,0,11,11
58951,2020-10-24,Liverpool,Sheffield United,1,1,2,1,"[41, 64]",[13],62.2,37.8,5,2,17,13,891,602,683,406,7,22,30,25,7,3,2,0,0,3,0,0,7,15
58952,2020-10-24,Manchester United,Chelsea,0,0,0,0,[],[],50.2,49.8,4,1,14,6,785,773,582,582,13,17,20,24,9,6,2,0,3,1,0,0,8,6
58954,2020-10-24,West Ham United,Manchester City,1,0,1,1,[18],[51],30.5,69.5,2,7,6,14,478,933,325,747,15,10,28,14,2,10,1,0,2,0,0,0,14,6
58946,2020-10-25,Arsenal,Leicester City,0,0,0,1,[],[80],56.3,43.7,4,2,12,6,745,615,575,453,15,11,5,20,9,3,1,0,3,5,0,0,13,9
58953,2020-10-25,Southampton,Everton,2,0,2,0,"[27, 35]",[],54.3,45.7,6,2,13,6,805,686,610,509,18,15,20,14,4,5,1,1,1,2,0,1,11,11
58955,2020-10-25,Wolverhampton Wanderers,Newcastle United,0,0,1,1,[80],[89],63.4,36.6,3,2,16,5,877,567,702,400,11,23,9,18,2,3,0,1,0,1,0,0,10,10
58948,2020-10-26,Brighton and Hove Albion,West Bromwich Albion,1,0,1,1,[40],[83],49.7,50.3,3,3,5,9,656,680,473,476,20,22,21,18,6,2,2,1,2,0,0,0,14,7
58949,2020-10-26,Burnley,Tottenham Hotspur,0,0,0,1,[],[76],38.3,61.7,4,3,13,9,528,764,364,595,15,11,16,13,4,5,4,2,2,0,0,0,9,7
58965,2020-10-30,Wolverhampton Wanderers,Crystal Palace,2,0,2,0,"[18, 27]",[],45,55,5,2,15,11,618,722,446,552,19,10,15,15,7,6,0,2,0,2,0,1,13,4
58957,2020-10-31,Burnley,Chelsea,0,1,0,3,[],"[26, 63, 70]",36.3,63.7,0,9,5,14,545,856,392,693,13,13,16,13,3,4,1,4,1,0,0,0,10,15
58960,2020-10-31,Liverpool,West Ham United,1,1,2,1,"[42, 85]",[10],72.4,27.6,5,3,9,4,990,472,827,304,10,18,14,24,1,2,1,0,0,1,0,0,13,14
58963,2020-10-31,Sheffield United,Manchester City,0,1,0,1,[],[28],35.2,64.8,1,8,3,16,537,897,375,715,19,12,24,13,2,5,0,2,0,0,0,0,14,6
58956,2020-11-01,Aston Villa,Southampton,0,3,3,4,"[62, 90, 90]","[20, 33, 45, 58]",55.9,44.1,10,4,19,9,567,488,371,312,14,19,3,32,11,1,2,2,1,2,0,0,12,17
58961,2020-11-01,Manchester United,Arsenal,0,0,0,1,[],[69],53.3,46.7,2,2,8,7,731,673,570,501,10,20,12,25,6,3,4,0,3,3,0,0,12,12
58962,2020-11-01,Newcastle United,Everton,0,0,2,1,"[56, 84]",[90],37.7,62.3,4,4,11,15,557,803,369,607,13,22,23,12,5,4,1,0,2,4,0,0,9,10
58964,2020-11-01,Tottenham Hotspur,Brighton and Hove Albion,1,0,2,1,"[13, 73]",[56],43.4,56.6,3,2,9,6,555,673,387,503,16,13,16,12,4,5,0,4,2,1,0,0,14,13
58958,2020-11-02,Fulham,West Bromwich Albion,2,0,2,0,"[26, 30]",[],45.7,54.3,6,1,13,10,627,687,395,468,15,28,13,20,5,2,1,4,3,2,0,0,13,11
58959,2020-11-02,Leeds United,Leicester City,0,2,1,4,[48],"[3, 21, 90, 76]",67.5,32.5,4,8,11,10,834,500,639,302,19,20,11,26,10,3,2,0,1,1,0,0,9,5
58967,2020-11-06,Brighton and Hove Albion,Burnley,0,0,0,0,[],[],58.9,41.1,3,1,19,4,704,558,530,376,11,14,10,31,5,3,1,1,1,0,0,0,11,5
58973,2020-11-06,Southampton,Newcastle United,1,0,2,0,"[7, 82]",[],60.7,39.3,8,2,15,4,751,540,561,360,32,13,10,13,7,3,4,1,1,2,0,0,12,11
58968,2020-11-07,Chelsea,Sheffield United,2,1,4,1,"[23, 34, 77, 80]",[9],70.1,29.9,9,3,20,6,953,487,762,320,13,11,14,23,6,7,1,1,0,2,0,0,5,14
58969,2020-11-07,Crystal Palace,Leeds United,3,1,4,1,"[12, 22, 42, 70]",[27],35.2,64.8,6,3,10,9,539,806,332,599,15,25,30,11,3,6,1,1,0,2,0,0,9,16
58970,2020-11-07,Everton,Manchester United,1,2,1,3,[19],"[25, 32, 90]",54.7,45.3,1,5,7,13,736,641,523,453,25,13,10,22,5,2,3,1,4,2,0,0,12,19
58975,2020-11-07,West Ham United,Fulham,0,0,1,0,[90],[],53,47,7,3,16,13,701,629,506,460,14,12,18,24,9,5,3,2,2,2,0,0,10,9
58966,2020-11-08,Arsenal,Aston Villa,0,1,0,3,[],"[25, 72, 75]",58.8,41.2,2,6,13,15,712,550,538,378,7,14,12,26,3,8,1,1,0,0,0,0,11,13
58971,2020-11-08,Leicester City,Wolverhampton Wanderers,1,0,1,0,[15],[],49.6,50.4,3,2,10,8,661,679,492,505,20,17,19,10,6,3,0,1,2,3,0,0,12,8
58972,2020-11-08,Manchester City,Liverpool,1,1,1,1,[31],[13],54.6,45.4,2,3,7,10,696,618,555,459,12,13,20,7,1,2,2,5,3,1,0,0,19,11
58974,2020-11-08,West Bromwich Albion,Tottenham Hotspur,0,0,0,1,[],[88],41.2,58.8,2,5,12,19,546,712,340,508,19,16,11,33,9,6,1,1,1,0,0,0,17,12
58976,2020-11-21,Aston Villa,Brighton and Hove Albion,0,1,1,2,[47],"[12, 56]",55.4,44.6,4,3,15,7,654,572,457,385,7,18,12,47,12,3,2,0,2,1,0,1,5,18
58981,2020-11-21,Manchester United,West Bromwich Albion,0,0,1,0,[56],[],63.1,36.9,7,2,17,7,842,585,663,385,13,13,7,17,8,2,1,1,1,1,0,0,12,17
58982,2020-11-21,Newcastle United,Chelsea,0,1,0,2,[],"[10, 65]",29,71,1,3,8,14,447,909,287,746,6,13,23,25,7,4,2,2,2,0,0,0,11,12
58984,2020-11-21,Tottenham Hotspur,Manchester City,1,0,2,0,"[5, 65]",[],33.9,66.1,2,5,4,22,493,794,318,599,25,13,30,5,0,10,1,2,2,2,0,0,13,19
58978,2020-11-22,Fulham,Everton,1,3,2,3,"[15, 70]","[1, 29, 35]",54.1,45.9,6,7,14,9,838,702,620,517,12,22,18,18,2,5,2,3,2,0,0,0,14,10
58979,2020-11-22,Leeds United,Arsenal,0,0,0,0,[],[],66.3,33.7,4,2,25,9,774,486,610,310,18,10,14,29,5,3,0,2,3,0,0,1,9,8
58980,2020-11-22,Liverpool,Leicester City,2,0,3,0,"[21, 41, 86]",[],56.4,43.6,13,4,24,11,766,648,572,441,9,14,15,19,10,3,2,1,0,2,0,0,15,6
58983,2020-11-22,Sheffield United,West Ham United,0,0,0,1,[],[56],50.9,49.1,5,3,9,15,701,700,517,497,25,12,15,12,2,6,4,2,0,0,0,0,7,6
58977,2020-11-23,Burnley,Crystal Palace,1,0,1,0,[8],[],46.1,53.9,4,5,10,15,578,665,409,459,14,12,17,16,4,7,2,2,2,0,0,0,13,9
58985,2020-11-23,Wolverhampton Wanderers,Southampton,0,0,1,1,[75],[58],45.3,54.7,9,2,20,7,614,691,416,516,11,20,17,14,7,4,2,1,2,0,0,0,14,14
58989,2020-11-27,Crystal Palace,Newcastle United,0,0,0,2,[],"[88, 90]",57.4,42.6,3,7,12,14,701,555,503,375,15,24,10,18,7,3,0,0,2,2,0,0,9,10
58987,2020-11-28,Brighton and Hove Albion,Liverpool,0,0,1,1,[90],[60],40.4,59.6,3,2,11,6,536,692,352,526,22,13,14,15,4,3,2,2,2,1,0,0,9,13
58990,2020-11-28,Everton,Leeds United,0,0,0,1,[],[79],41.8,58.2,8,6,15,23,606,751,391,542,19,19,23,11,4,2,2,6,1,2,0,0,8,14
58992,2020-11-28,Manchester City,Burnley,3,0,5,0,"[6, 22, 69, 41, 66]",[],68.6,31.4,6,1,19,9,877,479,720,315,7,14,20,10,6,4,2,2,0,0,0,0,12,4
58994,2020-11-28,West Bromwich Albion,Sheffield United,1,0,1,0,[13],[],48.7,51.3,6,5,17,21,554,599,380,402,12,14,15,20,14,9,2,2,2,3,0,0,10,9
58986,2020-11-29,Arsenal,Wolverhampton Wanderers,1,2,1,2,[30],"[27, 42]",56.2,43.8,2,5,13,11,683,599,494,405,13,12,16,36,8,4,2,0,3,4,0,0,13,13
58988,2020-11-29,Chelsea,Tottenham Hotspur,0,0,0,0,[],[],60.3,39.7,3,1,13,5,809,588,657,438,13,5,11,12,3,3,3,1,4,2,0,0,20,9
58993,2020-11-29,Southampton,Manchester United,2,0,2,3,"[23, 33]","[60, 74, 90]",49.9,50.1,5,6,10,15,731,726,525,519,22,19,17,18,5,9,0,0,1,0,0,0,12,12
58991,2020-11-30,Leicester City,Fulham,0,2,1,2,[86],"[30, 38]",68,32,3,5,16,10,869,512,666,317,19,24,11,31,6,5,0,0,0,2,0,0,9,21
58995,2020-11-30,West Ham United,Aston Villa,1,1,2,1,"[2, 46]",[25],34,66,2,6,6,16,418,699,272,518,9,6,29,9,3,7,1,3,1,1,0,0,20,7
58998,2020-12-05,Burnley,Everton,1,1,1,1,[3],[45],41.4,58.6,3,6,8,13,601,767,396,581,15,19,20,22,8,4,0,3,0,0,0,0,6,9
58999,2020-12-05,Chelsea,Leeds United,1,1,3,1,"[27, 61, 90]",[4],45.8,54.2,11,3,23,8,624,705,408,481,20,30,19,19,8,4,1,4,0,2,0,0,12,9
59001,2020-12-05,Manchester City,Fulham,2,0,2,0,"[5, 26]",[],68.9,31.1,5,1,15,6,954,531,793,351,17,17,7,23,9,3,1,1,0,0,0,0,7,6
59005,2020-12-05,West Ham United,Manchester United,1,0,1,3,[38],"[65, 68, 78]",39.3,60.7,6,6,19,15,567,805,392,631,12,12,9,18,5,4,4,3,0,0,0,0,9,10
59000,2020-12-06,Liverpool,Wolverhampton Wanderers,1,0,4,0,"[24, 58, 67, 78]",[],60.6,39.4,6,3,11,9,786,560,626,395,12,19,18,15,4,6,1,3,1,1,0,0,8,14
59002,2020-12-06,Sheffield United,Leicester City,1,1,1,2,[26],"[24, 90]",29.7,70.3,1,4,4,13,469,875,273,674,16,18,26,17,6,5,4,4,1,3,0,0,13,6
59003,2020-12-06,Tottenham Hotspur,Arsenal,2,0,2,0,"[13, 45]",[],30.2,69.8,3,2,5,11,458,826,288,632,13,15,55,10,3,9,1,0,1,2,0,0,16,12
59004,2020-12-06,West Bromwich Albion,Crystal Palace,1,1,1,5,[30],"[8, 55, 68, 59, 82]",50.1,49.9,4,7,9,18,663,655,495,495,15,14,14,14,4,6,2,3,2,2,1,0,10,16
58997,2020-12-07,Brighton and Hove Albion,Southampton,1,1,1,2,[26],"[45, 81]",47.7,52.3,4,3,12,10,585,623,377,420,21,15,19,11,4,3,2,3,3,3,0,0,12,12
59010,2020-12-11,Leeds United,West Ham United,1,1,1,2,[6],"[25, 80]",64,36,7,8,13,19,747,505,544,297,17,12,15,22,5,6,2,0,1,2,0,0,12,10
59008,2020-12-12,Everton,Chelsea,1,0,1,0,[22],[],28,72,4,3,9,10,479,861,241,639,13,17,33,15,6,6,4,1,2,3,0,0,10,11
59012,2020-12-12,Manchester United,Manchester City,0,0,0,0,[],[],46.1,53.9,2,2,11,9,647,726,502,580,23,6,13,1,4,3,2,2,1,1,0,0,13,6
59013,2020-12-12,Newcastle United,West Bromwich Albion,1,0,2,1,"[1, 82]",[50],45.3,54.7,7,3,12,13,597,660,401,484,7,18,25,13,4,3,3,2,2,3,0,0,9,12
59015,2020-12-12,Wolverhampton Wanderers,Aston Villa,0,0,0,1,[],[90],50.5,49.5,7,2,16,13,559,542,348,331,15,8,34,22,5,8,0,2,2,5,1,1,23,15
59006,2020-12-13,Arsenal,Burnley,0,0,0,1,[],[73],64.7,35.3,6,2,18,10,757,499,557,307,12,12,10,40,13,4,3,3,2,1,1,0,5,11
59007,2020-12-13,Crystal Palace,Tottenham Hotspur,0,1,1,1,[81],[23],42.9,57.1,5,6,16,14,546,638,344,457,11,20,26,12,4,7,4,0,1,1,0,0,15,11
59009,2020-12-13,Fulham,Liverpool,1,0,1,1,[25],[79],24.9,75.1,5,6,10,12,452,925,227,707,17,21,42,22,6,8,2,2,3,1,0,0,9,5
59011,2020-12-13,Leicester City,Brighton and Hove Albion,3,0,3,0,"[27, 44, 41]",[],54.1,45.9,6,4,15,12,727,629,539,455,12,25,20,11,9,5,4,1,2,1,0,0,9,10
59014,2020-12-13,Southampton,Sheffield United,1,0,3,0,"[34, 62, 83]",[],68.2,31.8,6,0,16,3,758,425,572,259,21,17,18,19,8,4,3,0,0,1,0,0,8,14
59023,2020-12-15,Wolverhampton Wanderers,Chelsea,0,0,2,1,"[66, 90]",[49],45.1,54.9,4,3,12,13,625,698,418,494,17,14,34,19,5,6,1,0,2,2,0,0,12,12
59025,2020-12-15,Manchester City,West Bromwich Albion,1,1,1,1,[30],[43],77.2,22.8,7,1,26,5,932,380,752,224,11,13,10,31,13,2,3,2,2,3,0,0,5,8
59016,2020-12-16,Arsenal,Southampton,0,1,1,1,[52],[18],35.2,64.8,4,3,9,13,517,791,340,632,8,11,28,13,2,7,1,1,1,3,1,0,13,13
59018,2020-12-16,Fulham,Brighton and Hove Albion,0,0,0,0,[],[],46.4,53.6,4,4,9,9,637,689,426,481,16,16,23,5,1,8,1,2,1,0,0,0,15,11
59019,2020-12-16,Leeds United,Newcastle United,1,1,5,2,"[35, 61, 77, 85, 88]","[26, 65]",68.7,31.3,10,4,25,10,728,446,533,246,13,8,12,33,7,4,4,2,3,1,0,0,10,13
59020,2020-12-16,Leicester City,Everton,0,1,0,2,[],"[21, 72]",61,39,2,6,14,11,730,526,547,344,21,13,13,16,4,6,2,2,2,3,0,0,12,9
59022,2020-12-16,West Ham United,Crystal Palace,0,1,1,1,[55],[34],51.9,48.1,2,2,9,8,651,583,439,422,19,23,15,20,5,3,0,0,0,1,0,1,8,12
59024,2020-12-16,Liverpool,Tottenham Hotspur,1,1,2,1,"[26, 90]",[33],75.8,24.2,11,2,17,8,998,443,813,254,12,26,8,29,7,4,2,0,0,2,0,0,8,9
59017,2020-12-17,Aston Villa,Burnley,0,0,0,0,[],[],59.1,40.9,7,4,27,6,597,458,388,273,6,19,12,25,10,1,1,2,1,1,0,0,17,19
59021,2020-12-17,Sheffield United,Manchester United,1,2,2,3,"[5, 87]","[26, 51, 33]",40.1,59.9,6,9,12,15,543,759,362,557,20,18,12,22,6,3,2,4,3,2,0,0,17,8
59029,2020-12-19,Crystal Palace,Liverpool,0,3,0,7,[],"[3, 35, 44, 68, 52, 81, 84]",35.3,64.7,3,8,5,14,555,907,397,743,10,19,8,13,5,4,7,0,1,0,0,0,5,11
59030,2020-12-19,Everton,Arsenal,2,1,2,1,"[22, 45]",[35],42.2,57.8,2,2,9,13,553,718,401,551,12,9,17,11,4,3,1,0,1,3,0,0,9,9
59032,2020-12-19,Newcastle United,Fulham,0,1,1,1,[64],[42],49.5,50.5,5,4,12,11,645,649,470,480,12,7,27,20,2,9,1,0,1,3,0,1,7,17
59033,2020-12-19,Southampton,Manchester City,0,1,0,1,[],[16],48.3,51.7,3,5,9,11,686,744,498,547,26,14,4,18,6,6,3,2,2,2,0,0,9,11
59026,2020-12-20,Brighton and Hove Albion,Sheffield United,0,0,1,1,[87],[63],73.5,26.5,5,3,21,5,726,367,545,203,12,12,6,37,14,2,1,2,1,5,0,1,9,11
59031,2020-12-20,Manchester United,Leeds United,4,1,6,2,"[2, 3, 20, 70, 37, 66]","[42, 73]",41.5,58.5,14,4,26,17,568,694,354,478,19,16,30,12,11,13,2,4,1,0,0,0,6,6
59034,2020-12-20,Tottenham Hotspur,Leicester City,0,1,0,2,[],"[45, 59]",56.4,43.6,3,4,8,17,710,615,518,406,20,19,13,26,5,3,2,4,2,2,0,0,15,14
59035,2020-12-20,West Bromwich Albion,Aston Villa,0,1,0,3,[],"[5, 88, 84]",32.7,67.3,1,10,1,19,442,763,282,576,15,11,26,12,1,7,1,4,1,2,1,0,14,8
59027,2020-12-21,Burnley,Wolverhampton Wanderers,1,0,2,1,"[35, 51]",[89],36.4,63.6,4,3,10,15,424,646,260,463,14,11,21,11,1,7,1,2,2,1,0,0,11,15
59028,2020-12-21,Chelsea,West Ham United,1,0,3,0,"[10, 78, 80]",[],53.7,46.3,7,0,11,6,726,620,527,443,16,20,26,12,5,4,0,4,0,0,0,0,11,6
59036,2020-12-26,Arsenal,Chelsea,2,0,3,1,"[35, 44, 56]",[85],39,61,7,3,15,19,505,709,328,506,16,10,18,16,7,9,1,0,2,1,0,0,13,10
59037,2020-12-26,Aston Villa,Crystal Palace,1,0,3,0,"[5, 66, 76]",[],38.6,61.4,9,6,20,13,503,663,298,475,17,12,26,11,4,4,1,2,1,4,1,0,18,16
59038,2020-12-26,Fulham,Southampton,0,0,0,0,[],[],46.7,53.3,1,2,10,3,573,616,331,396,24,34,22,19,6,3,1,4,2,0,0,0,15,12
59040,2020-12-26,Leicester City,Manchester United,1,1,2,2,"[31, 85]","[23, 79]",54.4,45.6,2,4,10,9,701,623,507,439,17,20,7,17,5,0,1,4,2,1,0,0,10,17
59042,2020-12-26,Manchester City,Newcastle United,1,0,2,0,"[14, 55]",[],75.1,24.9,6,2,11,7,1012,425,862,272,8,11,15,23,7,3,1,3,2,2,0,0,5,12
59043,2020-12-26,Sheffield United,Everton,0,0,0,1,[],[80],43.8,56.2,2,3,10,7,612,741,420,545,18,13,17,23,5,3,0,2,2,4,0,0,11,10
59039,2020-12-27,Leeds United,Burnley,1,0,1,0,[5],[],51.4,48.6,4,6,11,14,629,571,424,378,17,11,36,15,4,12,3,2,0,3,0,0,8,14
59041,2020-12-27,Liverpool,West Bromwich Albion,1,0,1,1,[12],[82],78.4,21.6,2,3,17,5,981,404,787,213,11,15,13,40,7,3,1,5,0,1,0,0,8,5
59044,2020-12-27,West Ham United,Brighton and Hove Albion,0,1,2,2,"[60, 82]","[44, 70]",43.6,56.4,4,4,11,13,589,748,423,574,14,11,6,17,5,4,2,1,0,0,0,0,6,8
59045,2020-12-27,Wolverhampton Wanderers,Tottenham Hotspur,0,1,1,1,[86],[1],54.8,45.2,6,3,11,6,746,644,542,466,21,14,6,25,9,2,2,0,4,1,0,0,20,13
59048,2020-12-28,Chelsea,Aston Villa,1,0,1,1,[34],[50],63.4,36.6,5,2,16,10,747,532,550,314,17,19,17,20,11,4,1,1,3,1,0,0,16,3
59049,2020-12-28,Crystal Palace,Leicester City,0,0,1,1,[58],[83],33.1,66.9,1,3,4,17,496,809,296,607,18,22,27,11,2,5,3,2,0,1,0,0,10,7
59046,2020-12-29,Brighton and Hove Albion,Arsenal,0,0,0,1,[],[66],49.7,50.3,2,3,13,11,661,679,492,511,17,10,7,14,5,4,0,0,2,0,0,0,11,4
59047,2020-12-29,Burnley,Sheffield United,1,0,1,0,[32],[],37.1,62.9,3,3,5,7,480,716,322,551,12,13,27,7,3,5,2,2,1,2,0,0,13,17
59051,2020-12-29,Manchester United,Wolverhampton Wanderers,0,0,1,0,[90],[],58.2,41.8,3,5,11,9,787,607,611,439,15,16,5,24,2,2,4,2,1,1,0,0,11,7
59053,2020-12-29,Southampton,West Ham United,0,0,0,0,[],[],62.6,37.4,3,3,8,8,757,532,576,340,15,15,11,26,4,3,2,3,3,1,0,0,16,15
59055,2020-12-29,West Bromwich Albion,Leeds United,0,4,0,5,[],"[9, 31, 36, 40, 72]",24.4,75.6,1,6,4,14,402,931,238,762,10,13,24,20,3,10,1,1,0,1,0,0,7,10
59052,2020-12-30,Newcastle United,Liverpool,0,0,0,0,[],[],26.9,73.1,2,4,8,11,443,875,241,661,19,10,52,19,5,12,2,4,2,3,0,0,9,13
59060,2021-01-01,Everton,West Ham United,0,0,0,1,[],[86],60,40,2,5,10,11,763,579,589,392,15,16,16,21,5,4,2,0,2,0,0,0,9,7
59061,2021-01-01,Manchester United,Aston Villa,1,0,2,1,"[40, 61]",[58],48.4,51.6,9,5,19,15,588,625,407,417,11,18,25,18,5,10,1,1,4,0,0,0,22,10
59056,2021-01-02,Brighton and Hove Albion,Wolverhampton Wanderers,1,3,3,3,"[13, 46, 70]","[19, 34, 44]",54.5,45.5,4,4,13,11,720,647,548,461,21,13,11,21,5,7,1,0,2,1,0,0,13,8
59059,2021-01-02,Crystal Palace,Sheffield United,2,0,2,0,"[4, 45]",[],44.4,55.6,4,2,9,7,637,734,414,510,24,22,23,8,3,6,0,3,1,3,0,0,8,18
59064,2021-01-02,Tottenham Hotspur,Leeds United,2,0,3,0,"[29, 43, 50]",[],36.7,63.3,7,5,20,18,561,796,347,591,24,20,23,8,3,5,0,1,2,1,1,0,15,13
59065,2021-01-02,West Bromwich Albion,Arsenal,0,2,0,4,[],"[23, 28, 60, 64]",38.1,61.9,3,12,7,21,570,817,374,623,13,14,19,16,3,5,3,2,1,2,0,0,7,4
59058,2021-01-03,Chelsea,Manchester City,0,3,1,3,[90],"[18, 21, 34]",54.6,45.4,2,6,9,18,821,720,654,554,11,18,5,17,5,3,2,0,3,1,0,0,11,10
59062,2021-01-03,Newcastle United,Leicester City,0,0,1,2,[82],"[55, 72]",43.3,56.7,2,3,8,9,557,684,371,492,16,14,11,22,3,6,3,3,0,2,0,0,10,11
59063,2021-01-04,Southampton,Liverpool,1,0,1,0,[2],[],33,67,3,1,7,17,572,879,352,675,18,16,43,3,1,10,6,1,1,3,0,0,5,12
58896,2021-01-12,Burnley,Manchester United,0,0,0,1,[],[71],66.2,33.8,0,7,11,13,506,753,334,566,5,12,18,19,3,4,3,2,1,2,0,0,15,13
59071,2021-01-12,Sheffield United,Newcastle United,0,0,1,0,[73],[],52.8,47.2,4,3,17,7,755,466,559,283,11,15,16,32,5,2,2,2,2,3,0,1,13,12
59073,2021-01-12,Wolverhampton Wanderers,Everton,1,1,1,2,[14],"[6, 77]",37.3,62.7,3,3,12,5,727,663,558,500,14,11,14,23,6,5,0,1,2,2,0,0,6,11
59054,2021-01-13,Tottenham Hotspur,Fulham,1,0,1,1,[25],[74],52.4,47.6,6,4,15,15,720,664,522,467,14,13,16,20,6,5,2,2,1,2,0,0,13,15
59075,2021-01-13,Manchester City,Brighton and Hove Albion,1,0,1,0,[44],[],65.1,34.9,6,1,16,5,923,544,726,384,16,21,13,17,8,4,2,2,0,2,0,0,4,12
59066,2021-01-14,Arsenal,Crystal Palace,0,0,0,0,[],[],67.3,32.7,4,2,11,12,875,528,692,339,17,14,8,24,7,3,1,1,1,1,0,0,11,11
59078,2021-01-16,Fulham,Chelsea,0,0,0,1,[],[78],30.2,69.8,3,6,10,21,557,967,328,757,20,17,33,12,1,12,1,3,2,3,1,0,11,10
59079,2021-01-16,Leeds United,Brighton and Hove Albion,0,1,0,1,[],[17],66.6,33.4,2,2,7,7,795,480,601,305,13,10,13,23,5,2,3,0,1,1,0,0,8,9
59080,2021-01-16,Leicester City,Southampton,1,0,2,0,"[37, 90]",[],47.4,52.6,5,3,16,8,644,699,445,493,22,13,21,13,2,5,5,1,2,2,0,0,10,11
59084,2021-01-16,West Ham United,Burnley,1,0,1,0,[9],[],44.8,55.2,4,2,15,10,576,645,364,454,8,13,28,25,7,4,5,1,2,1,0,0,12,9
59085,2021-01-16,Wolverhampton Wanderers,West Bromwich Albion,2,1,2,3,"[38, 43]","[8, 56, 52]",67.8,32.2,6,5,23,12,761,452,549,270,12,19,8,32,11,0,0,2,2,1,0,0,10,14
59081,2021-01-17,Liverpool,Manchester United,0,0,0,0,[],[],65.7,34.3,3,4,17,8,865,549,667,344,16,20,11,33,7,3,1,8,2,1,0,0,15,6
59082,2021-01-17,Manchester City,Crystal Palace,1,0,4,0,"[26, 68, 56, 88]",[],72.2,27.8,6,0,13,2,919,456,747,288,18,15,4,29,11,1,0,0,0,0,0,0,9,8
59083,2021-01-17,Sheffield United,Tottenham Hotspur,0,2,1,3,[59],"[5, 40, 62]",42,58,5,5,15,14,616,776,413,580,19,17,21,17,5,7,4,1,4,0,0,0,13,4
59076,2021-01-18,Arsenal,Newcastle United,0,0,3,0,"[50, 77, 60]",[],66.4,33.6,6,1,20,4,798,464,634,323,7,11,12,10,7,2,4,1,0,0,0,0,9,8
59070,2021-01-19,Leicester City,Chelsea,2,0,2,0,"[6, 41]",[],35.6,64.4,6,5,8,9,526,822,340,636,19,25,15,17,6,3,1,3,1,3,0,0,7,16
59072,2021-01-19,West Ham United,West Bromwich Albion,1,0,2,1,"[45, 66]",[51],59,41,6,2,14,6,728,536,541,375,5,19,18,23,3,1,2,0,0,1,0,0,10,10
58900,2021-01-20,Manchester City,Aston Villa,0,0,2,0,"[79, 90]",[],69.1,30.9,9,4,28,11,810,458,628,285,14,14,11,29,16,2,3,1,0,2,0,0,10,9
59068,2021-01-20,Fulham,Manchester United,1,1,1,2,[5],"[21, 65]",38.4,61.6,5,5,12,15,601,841,400,636,12,18,29,15,2,8,1,2,3,1,0,0,6,10
59074,2021-01-21,Liverpool,Burnley,0,0,0,1,[],[83],71.8,28.2,6,4,27,6,857,452,686,274,6,10,6,52,12,0,1,6,2,1,0,0,11,8
58996,2021-01-23,Aston Villa,Newcastle United,2,0,2,0,"[13, 42]",[],59.2,40.8,5,1,14,7,758,548,567,369,11,14,27,12,4,4,1,2,0,3,0,0,9,18
59090,2021-01-26,West Bromwich Albion,Manchester City,0,4,0,5,[],"[6, 30, 20, 45, 57]",22.3,77.7,1,7,4,18,391,1045,247,888,13,8,24,15,3,8,0,1,2,0,0,0,8,8
59092,2021-01-26,Crystal Palace,West Ham United,1,2,2,3,"[3, 90]","[9, 25, 65]",54.2,45.8,3,7,6,17,723,641,536,460,17,18,9,16,3,4,0,2,0,0,0,0,9,8
59093,2021-01-26,Newcastle United,Leeds United,0,1,1,2,[57],"[17, 61]",42.3,57.7,5,2,22,9,515,627,313,450,11,15,20,21,9,4,1,0,1,3,0,0,10,15
59094,2021-01-26,Southampton,Arsenal,1,2,1,3,[3],"[8, 39, 72]",58,42,5,5,13,9,685,536,493,353,17,15,17,15,4,5,2,2,1,2,0,0,11,6
59086,2021-01-27,Brighton and Hove Albion,Fulham,0,0,0,0,[],[],49.5,50.5,5,3,16,10,627,646,411,439,23,12,6,20,10,0,3,0,2,1,0,0,10,14
59087,2021-01-27,Burnley,Aston Villa,0,1,3,2,"[52, 76, 79]","[14, 68]",38.2,61.8,5,10,10,18,461,662,290,475,22,6,20,16,2,4,3,2,1,0,0,0,16,7
59088,2021-01-27,Everton,Leicester City,1,0,1,1,[30],[67],35,65,2,6,8,19,502,769,298,573,14,19,23,20,5,11,2,1,1,1,0,0,12,10
59089,2021-01-27,Manchester United,Sheffield United,0,1,1,2,[64],"[23, 74]",75.8,24.2,4,3,16,5,986,435,803,257,21,15,8,28,7,2,0,5,1,1,0,0,10,12
59091,2021-01-27,Chelsea,Wolverhampton Wanderers,0,0,0,0,[],[],78.9,21.1,5,0,14,4,1047,403,898,242,15,5,8,30,12,1,2,0,1,1,0,0,14,7
59095,2021-01-28,Tottenham Hotspur,Liverpool,0,1,1,3,[49],"[45, 47, 65]",49.8,50.2,2,7,3,14,745,756,592,587,14,10,18,12,1,2,2,2,1,2,0,0,9,11
59096,2021-01-30,Arsenal,Manchester United,0,0,0,0,[],[],43.3,56.7,3,3,17,14,606,748,436,566,13,10,21,13,4,7,0,2,1,3,0,0,9,16
59099,2021-01-30,Crystal Palace,Wolverhampton Wanderers,0,0,1,0,[60],[],47.3,52.7,2,4,11,6,682,730,518,560,14,25,15,11,1,6,1,1,1,2,0,0,7,10
59100,2021-01-30,Everton,Newcastle United,0,0,0,2,[],"[73, 90]",60.9,39.1,3,3,11,13,679,499,488,301,17,14,26,27,7,12,4,0,3,4,0,0,13,6
59102,2021-01-30,Manchester City,Sheffield United,1,0,1,0,[9],[],75,25,5,1,10,4,942,416,805,273,12,15,6,22,10,0,0,1,0,3,0,0,7,10
59103,2021-01-30,Southampton,Aston Villa,0,1,0,1,[],[41],59.8,40.2,5,4,20,8,695,535,487,336,24,23,11,22,7,1,4,5,1,0,0,0,12,11
59104,2021-01-30,West Bromwich Albion,Fulham,0,1,2,2,"[47, 66]","[10, 76]",37.5,62.5,3,7,5,12,504,742,336,574,13,8,20,17,2,3,1,1,1,0,0,0,9,10
59097,2021-01-31,Brighton and Hove Albion,Tottenham Hotspur,1,0,1,0,[17],[],43.2,56.8,5,4,16,8,619,746,407,556,19,13,15,22,9,2,1,1,2,1,0,0,11,11
59098,2021-01-31,Chelsea,Burnley,1,0,2,0,"[40, 84]",[],71.1,28.9,8,0,19,1,890,445,723,287,13,15,17,21,4,2,2,2,0,1,0,0,7,9
59101,2021-01-31,Leicester City,Leeds United,1,1,1,3,[13],"[15, 70, 84]",50.8,49.2,8,7,18,8,621,611,404,389,15,27,7,19,5,4,2,2,0,3,0,0,17,16
59105,2021-01-31,West Ham United,Liverpool,0,0,1,3,[87],"[57, 68, 84]",32.8,67.2,2,5,8,14,524,927,365,785,15,13,12,13,6,4,2,1,2,0,0,0,7,8
59110,2021-02-02,Manchester United,Southampton,4,0,9,0,"[18, 25, 34, 39, 69, 90, 71, 87, 90]",[],74.6,25.4,14,1,24,3,784,385,626,215,13,20,4,30,5,3,3,2,2,3,0,2,11,6
59111,2021-02-02,Sheffield United,West Bromwich Albion,0,1,2,1,"[56, 73]",[41],68.3,31.7,6,4,14,8,800,464,593,268,20,18,22,25,9,2,0,3,2,1,0,0,11,9
59112,2021-02-02,Wolverhampton Wanderers,Arsenal,1,1,2,1,"[45, 49]",[32],54.6,45.4,7,3,11,9,745,639,576,488,10,13,17,25,9,6,1,3,3,2,0,2,11,8
59114,2021-02-02,Newcastle United,Crystal Palace,1,2,1,2,[2],"[21, 25]",61.3,38.7,5,3,21,6,794,570,610,397,12,14,8,21,9,1,1,2,1,3,0,0,14,11
59106,2021-02-03,Aston Villa,West Ham United,0,0,1,3,[81],"[51, 56, 83]",56.5,43.5,2,10,9,20,671,543,480,376,13,15,14,23,7,3,1,1,1,1,0,0,11,16
59107,2021-02-03,Burnley,Manchester City,0,2,0,2,[],"[3, 38]",25.7,74.3,0,6,2,13,395,943,271,804,17,8,17,13,1,3,3,2,2,1,0,0,8,5
59108,2021-02-03,Fulham,Leicester City,0,2,0,2,[],"[17, 44]",57.5,42.5,1,5,8,9,802,651,598,447,22,18,16,23,5,2,1,3,3,1,0,0,17,10
59109,2021-02-03,Leeds United,Everton,0,2,1,2,[48],"[9, 41]",63.2,36.8,7,6,16,10,767,543,561,331,16,13,11,33,7,1,0,1,2,3,0,0,12,12
59113,2021-02-03,Liverpool,Brighton and Hove Albion,0,0,0,1,[],[56],63.4,36.6,1,4,11,13,886,590,697,404,12,13,15,29,5,3,0,3,1,0,0,0,12,6
59115,2021-02-04,Tottenham Hotspur,Chelsea,0,1,0,1,[],[24],42,58,2,2,7,16,620,804,457,630,13,10,19,13,2,7,0,3,2,3,0,0,20,14
59116,2021-02-06,Aston Villa,Arsenal,1,0,1,0,[2],[],33.6,66.4,8,3,12,14,508,793,316,597,18,12,27,9,3,7,1,0,3,2,0,0,12,12
59117,2021-02-06,Burnley,Brighton and Hove Albion,0,1,1,1,[53],[36],54.5,45.5,7,2,20,10,625,537,444,379,8,7,12,20,8,7,3,0,2,0,0,0,8,10
59118,2021-02-06,Fulham,West Ham United,0,0,0,0,[],[],60.6,39.4,2,1,20,8,722,524,550,354,13,9,11,24,7,3,1,4,1,3,0,1,11,10
59121,2021-02-06,Manchester United,Everton,2,0,3,3,"[24, 45, 70]","[49, 52, 90]",62,38,5,3,14,6,820,573,653,397,14,16,9,21,5,1,0,4,2,1,0,0,14,10
59122,2021-02-06,Newcastle United,Southampton,3,1,3,2,"[16, 26, 45]","[30, 48]",26.2,73.8,4,5,6,14,411,788,221,610,16,17,35,9,0,7,3,5,2,1,1,0,11,14
59120,2021-02-07,Liverpool,Manchester City,0,0,1,4,[63],"[49, 73, 76, 83]",55.9,44.1,3,5,8,8,823,703,649,519,18,20,9,24,6,1,1,2,2,1,0,0,13,8
59123,2021-02-07,Sheffield United,Chelsea,0,1,1,2,[55],"[43, 58]",31.1,68.9,3,3,8,9,519,938,338,756,18,17,15,19,1,8,2,2,1,0,0,0,8,8
59124,2021-02-07,Tottenham Hotspur,West Bromwich Albion,0,0,2,0,"[54, 58]",[],65.6,34.4,6,1,13,4,763,492,589,303,17,24,8,30,8,0,1,4,1,2,0,0,16,12
59125,2021-02-07,Wolverhampton Wanderers,Leicester City,0,0,0,0,[],[],43.9,56.1,1,3,13,13,635,761,429,567,19,19,14,22,8,2,0,1,1,3,0,0,11,15
59119,2021-02-08,Leeds United,Crystal Palace,1,0,2,0,"[3, 52]",[],68.2,31.8,7,3,17,8,883,501,714,332,22,11,11,18,5,3,1,1,0,2,0,0,7,8
59127,2021-02-13,Brighton and Hove Albion,Aston Villa,0,0,0,0,[],[],58.2,41.8,9,1,26,4,681,555,509,372,11,10,12,24,9,2,0,3,2,3,0,0,16,12
59129,2021-02-13,Crystal Palace,Burnley,0,2,0,3,[],"[5, 10, 47]",53.3,46.7,3,4,13,16,636,577,427,390,16,17,12,22,7,4,3,1,0,0,0,0,15,14
59131,2021-02-13,Leicester City,Liverpool,0,0,3,1,"[78, 81, 85]",[67],38,62,6,4,11,15,585,796,357,561,23,23,38,4,2,12,2,1,1,2,0,0,7,6
59132,2021-02-13,Manchester City,Tottenham Hotspur,1,0,3,0,"[23, 50, 66]",[],60.4,39.6,6,3,15,7,876,623,698,456,21,23,7,14,4,2,1,0,1,3,0,0,12,13
59126,2021-02-14,Arsenal,Leeds United,3,0,4,2,"[13, 41, 47, 45]","[58, 69]",45.9,54.1,5,5,13,9,596,655,423,498,5,10,15,9,4,5,2,0,0,2,0,0,8,17
59130,2021-02-14,Everton,Fulham,0,0,0,2,[],"[48, 65]",49.7,50.3,2,3,7,12,700,722,534,545,17,10,14,24,5,4,3,2,1,1,0,0,7,16
59133,2021-02-14,Southampton,Wolverhampton Wanderers,1,0,1,2,[25],"[53, 66]",51.1,48.9,3,4,7,10,660,630,476,448,23,9,15,13,4,6,6,1,2,2,0,0,10,9
59134,2021-02-14,West Bromwich Albion,Manchester United,1,1,1,1,[2],[44],26.9,73.1,3,7,7,10,432,873,253,707,14,10,29,9,4,5,2,3,5,0,0,0,13,10
59128,2021-02-15,Chelsea,Newcastle United,2,0,2,0,"[31, 39]",[],65.6,34.4,6,4,18,10,752,482,564,289,19,16,17,18,10,5,0,2,0,0,0,0,9,13
59135,2021-02-15,West Ham United,Sheffield United,1,0,3,0,"[41, 58, 90]",[],45.9,54.1,9,5,13,8,588,672,429,500,9,18,19,19,7,7,1,1,0,2,0,0,11,12
59050,2021-02-17,Everton,Manchester City,1,1,1,3,[37],"[32, 63, 77]",29.6,70.4,2,7,3,16,469,923,313,755,18,11,28,6,0,10,0,0,2,1,0,0,8,8
59057,2021-02-17,Burnley,Fulham,0,0,1,1,[52],[49],46,54,3,3,8,8,585,647,400,477,10,14,10,30,5,5,6,0,1,1,0,0,7,13
59145,2021-02-19,Wolverhampton Wanderers,Leeds United,0,0,1,0,[64],[],41,59,5,7,15,18,500,629,308,440,17,18,12,14,7,9,1,1,1,0,0,0,13,8
59139,2021-02-20,Burnley,West Bromwich Albion,0,0,0,0,[],[],62.1,37.9,1,3,6,10,615,436,433,267,17,16,16,24,5,5,4,3,3,0,0,1,16,10
59140,2021-02-20,Fulham,Sheffield United,0,0,1,0,[61],[],65.1,34.9,7,2,15,4,800,495,597,321,6,20,19,23,6,4,1,3,1,2,0,0,11,14
59141,2021-02-20,Liverpool,Everton,0,1,0,2,[],"[3, 83]",71.4,28.6,6,6,15,9,898,452,693,279,16,21,10,32,7,2,2,2,2,1,0,0,10,10
59143,2021-02-20,Southampton,Chelsea,1,0,1,1,[33],[54],29.1,70.9,1,3,4,9,486,915,295,727,17,22,18,6,3,6,0,4,1,1,0,0,10,10
59136,2021-02-21,Arsenal,Manchester City,0,1,0,1,[],[2],45,55,1,3,7,15,608,738,479,599,8,5,12,17,1,3,1,3,2,2,0,0,11,9
59137,2021-02-21,Aston Villa,Leicester City,0,2,1,2,[48],"[19, 23]",49.9,50.1,2,7,11,16,634,627,430,450,17,16,9,23,7,8,4,1,2,1,0,0,11,12
59142,2021-02-21,Manchester United,Newcastle United,1,1,3,1,"[30, 57, 75]",[36],71.6,28.4,7,6,15,10,861,434,692,270,11,16,12,15,6,4,2,1,1,2,0,0,9,11
59144,2021-02-21,West Ham United,Tottenham Hotspur,1,0,2,1,"[5, 47]",[64],30.8,69.2,4,4,4,20,447,764,253,569,23,16,27,15,5,7,1,0,4,3,0,0,14,7
59138,2021-02-22,Brighton and Hove Albion,Crystal Palace,0,1,1,2,[55],"[28, 90]",74.5,25.5,5,2,25,3,912,433,715,250,11,22,4,32,13,0,3,1,2,0,0,0,11,6
59069,2021-02-23,Leeds United,Southampton,0,0,3,0,"[47, 78, 84]",[],46.7,53.3,7,5,11,13,520,582,319,365,25,18,20,4,2,4,1,2,1,2,0,0,11,13
59149,2021-02-27,Leeds United,Aston Villa,0,1,0,1,[],[5],69.2,30.8,3,4,13,9,701,431,517,227,18,16,6,21,7,5,0,0,3,2,0,0,14,14
59151,2021-02-27,Manchester City,West Ham United,1,1,2,1,"[30, 68]",[43],63.2,36.8,3,3,10,9,834,532,675,394,11,13,10,18,4,2,2,1,1,1,0,0,8,11
59152,2021-02-27,Newcastle United,Wolverhampton Wanderers,0,0,1,1,[52],[73],47.6,52.4,7,4,19,14,579,600,388,423,18,14,15,13,3,5,2,0,2,0,0,0,11,13
59155,2021-02-27,West Bromwich Albion,Brighton and Hove Albion,1,0,1,0,[11],[],29.9,70.1,2,6,6,15,424,738,230,553,13,21,16,19,7,4,1,0,0,1,0,0,11,13
59146,2021-02-28,Chelsea,Manchester United,0,0,0,0,[],[],57.4,42.6,6,4,18,11,819,636,608,445,24,14,20,17,3,4,1,3,1,2,0,0,11,12
59147,2021-02-28,Crystal Palace,Fulham,0,0,0,0,[],[],40.4,59.6,0,4,3,16,568,737,364,540,20,18,14,16,1,3,1,0,1,1,0,0,10,14
59150,2021-02-28,Leicester City,Arsenal,1,2,1,3,[6],"[39, 45, 52]",44.2,55.8,3,4,8,12,563,690,408,507,21,9,15,10,2,7,0,1,2,1,0,0,15,3
59153,2021-02-28,Sheffield United,Liverpool,0,0,0,2,[],"[48, 65]",39.3,60.7,2,8,8,16,579,802,406,638,11,12,17,15,4,3,3,1,0,0,0,0,9,9
59154,2021-02-28,Tottenham Hotspur,Burnley,3,0,4,0,"[2, 55, 15, 31]",[],58.3,41.7,7,3,16,10,815,593,633,439,12,11,26,12,3,4,0,0,0,0,0,0,6,10
59148,2021-03-01,Everton,Southampton,1,0,1,0,[9],[],46.6,53.4,1,1,7,9,617,676,410,462,20,26,23,13,4,10,4,0,0,2,0,0,13,9
59181,2021-03-02,Manchester City,Wolverhampton Wanderers,1,0,4,1,"[15, 80, 90, 90]",[61],72.1,27.9,10,1,22,6,954,485,798,309,14,17,2,26,10,2,3,1,0,1,0,0,9,5
59177,2021-03-03,Burnley,Leicester City,1,1,1,1,[4],[34],38.9,61.1,7,4,12,16,522,746,351,571,8,9,13,31,5,8,3,2,0,2,0,0,6,12
59178,2021-03-03,Crystal Palace,Manchester United,0,0,0,0,[],[],37,63,2,1,8,11,544,781,353,600,19,6,25,11,4,6,1,2,1,0,0,0,4,13
59182,2021-03-03,Sheffield United,Aston Villa,1,0,1,0,[30],[],28.2,71.8,2,4,9,16,443,838,263,641,13,9,47,9,2,7,1,1,1,0,1,0,13,6
59218,2021-03-04,Fulham,Tottenham Hotspur,0,1,0,1,[],[19],59.6,40.4,3,2,11,9,754,562,544,378,11,21,5,31,4,1,4,2,2,1,0,0,13,9
59184,2021-03-04,West Bromwich Albion,Everton,0,0,0,1,[],[65],48.1,51.9,3,3,11,11,670,704,450,500,9,20,22,31,3,3,3,2,3,1,0,0,9,7
59180,2021-03-04,Liverpool,Chelsea,0,1,0,1,[],[42],54.2,45.8,1,5,7,11,853,738,656,549,14,19,14,30,5,2,1,4,0,0,0,0,9,8
59156,2021-03-06,Aston Villa,Wolverhampton Wanderers,0,0,0,0,[],[],49.2,50.8,1,2,9,10,585,621,410,424,23,12,16,29,5,3,3,0,1,0,0,0,13,13
59157,2021-03-06,Brighton and Hove Albion,Leicester City,1,0,1,2,[10],"[62, 87]",36.6,63.4,2,4,7,8,549,829,340,616,30,23,5,16,6,6,4,1,0,1,0,0,14,8
59158,2021-03-06,Burnley,Arsenal,1,1,1,1,[39],[6],41.1,58.9,5,3,9,15,589,770,419,595,15,12,16,17,2,3,2,2,1,1,1,0,5,12
59162,2021-03-06,Sheffield United,Southampton,0,1,0,2,[],"[32, 49]",50.9,49.1,2,7,8,15,589,593,393,390,16,17,21,23,7,3,2,2,4,3,0,0,17,11
59160,2021-03-07,Liverpool,Fulham,0,1,0,1,[],[45],63.1,36.9,3,3,16,10,893,629,708,414,13,15,13,42,9,4,3,1,2,3,0,0,10,8
59161,2021-03-07,Manchester City,Manchester United,0,1,0,2,[],"[2, 50]",65.9,34.1,6,6,23,8,915,547,715,374,17,13,7,20,6,2,0,1,0,3,0,0,9,12
59163,2021-03-07,Tottenham Hotspur,Crystal Palace,1,1,4,1,"[25, 49, 52, 76]",[45],64.2,35.8,5,1,12,5,887,545,690,373,27,18,20,11,1,5,1,4,2,3,0,0,8,17
59164,2021-03-07,West Bromwich Albion,Newcastle United,0,0,0,0,[],[],52.8,47.2,3,5,13,9,619,561,396,365,11,17,21,30,9,7,1,1,0,0,0,0,11,10
59159,2021-03-08,Chelsea,Everton,1,0,2,0,"[31, 65]",[],65.5,34.5,9,1,19,7,882,521,713,369,18,10,11,11,7,3,1,0,0,3,0,0,11,12
59165,2021-03-08,West Ham United,Leeds United,2,0,2,0,"[21, 28]",[],34.7,65.3,5,2,16,17,458,721,276,528,14,19,17,11,6,6,1,1,1,1,0,0,9,9
59222,2021-03-10,Manchester City,Southampton,3,1,5,2,"[15, 59, 40, 55, 45]","[25, 56]",58.3,41.7,10,6,17,11,848,627,673,481,8,22,10,11,5,5,1,4,1,0,0,0,6,4
59173,2021-03-12,Newcastle United,Aston Villa,0,0,1,1,[90],[86],49.2,50.8,3,6,12,15,595,635,392,411,20,16,18,30,2,2,0,4,2,3,0,0,10,10
59167,2021-03-13,Crystal Palace,West Bromwich Albion,1,0,1,0,[37],[],44.3,55.7,4,1,6,12,527,614,324,397,17,19,32,20,3,2,1,1,3,1,0,0,16,15
59168,2021-03-13,Everton,Burnley,1,2,1,2,[32],"[13, 24]",65.5,34.5,4,5,14,14,721,480,547,291,8,6,12,28,7,4,2,1,0,4,0,0,9,6
59169,2021-03-13,Fulham,Manchester City,0,0,0,3,[],"[47, 56, 60]",46.1,53.9,0,7,3,8,632,724,444,529,22,20,7,15,4,2,1,3,0,0,0,0,14,13
59170,2021-03-13,Leeds United,Chelsea,0,0,0,0,[],[],37.7,62.3,4,8,7,15,545,797,330,588,13,17,14,20,8,5,5,3,3,0,0,0,16,6
59166,2021-03-14,Arsenal,Tottenham Hotspur,1,1,2,1,"[44, 64]",[33],52.6,47.4,3,3,13,6,697,662,519,482,20,18,8,24,6,3,0,1,1,2,0,1,12,14
59171,2021-03-14,Leicester City,Sheffield United,1,0,5,0,"[39, 69, 78, 64, 80]",[],71.7,28.3,10,0,19,1,928,457,750,291,19,14,10,20,9,1,2,0,0,2,0,0,10,9
59172,2021-03-14,Manchester United,West Ham United,0,0,1,0,[53],[],61.8,38.2,4,0,15,7,843,595,684,411,13,13,14,26,6,2,0,2,4,0,0,0,12,2
59174,2021-03-14,Southampton,Brighton and Hove Albion,1,1,1,2,[27],"[16, 56]",59.4,40.6,4,6,9,8,690,535,492,330,13,24,18,22,4,5,1,1,0,0,0,0,11,10
59175,2021-03-15,Wolverhampton Wanderers,Liverpool,0,1,0,1,[],[45],53.5,46.5,5,4,10,12,714,667,508,467,18,14,13,26,3,2,2,1,2,1,0,0,17,10
